Engine_Size,Cylinders,Compression_Ratio,Horsepower,Torque,RPM,Load_Percent,Ambient_Temp,Fuel_Type,Fuel_Efficiency_kmpl,Fuel_Type_Encoded
0.62,1,12.3,52,17,8772,25,28,Petrol,51.05,1
0.74,2,10.2,49,33,5130,26,42,Petrol,52.23,1
1.46,2,11.9,47,11,10311,25,22,Petrol,46.13,1
3,4,9.5,128,269,4047,79,5,Petrol,10.17,1
0.43,2,9.3,53,12,8556,11,10,Petrol,54.82,1
1.42,2,11,18,35,7612,6,9,Petrol,45.71,1
2.1,6,11.4,333,134,5152,55,39,Petrol,13.27,1
3.5,4,10.7,379,290,2161,93,25,Petrol,15.18,1
3.9,8,12.6,284,351,3016,81,29,Diesel,13.15,0
3.6,8,10.9,286,351,2379,60,18,Petrol,14.12,1
1.22,1,9.3,16,18,10463,5,33,Petrol,49.71,1
1.21,1,11.1,51,48,8099,11,-2,Petrol,45.18,1
4,4,9.7,117,161,2804,63,29,Diesel,12.92,0
0.64,2,12.4,12,10,6028,30,44,Petrol,48.55,1
1.18,2,10.7,18,24,10134,30,31,Petrol,44.06,1
1.35,2,10.7,41,13,6757,41,12,Petrol,45.66,1
3.9,4,10.7,98,135,3722,47,-9,Petrol,9.27,1
0.25,2,10.6,53,53,6363,34,0,Petrol,60.18,1
2.5,3,8.6,300,289,3306,81,46,Petrol,15.59,1
0.11,2,10.8,18,46,10353,48,13,Petrol,59.68,1
1.42,1,10.1,41,33,8304,16,28,Petrol,40.04,1
2.3,8,8.2,182,101,6737,73,12,Diesel,15.35,0
2.2,3,12.5,195,229,3707,51,-5,Diesel,17.13,0
1.17,2,9.8,47,33,7931,38,-5,Petrol,44.85,1
0.66,2,11.9,25,42,8272,10,5,Petrol,53.7,1
4.3,8,8.1,216,247,4911,90,41,Petrol,10.39,1
5.7,4,10,108,437,4919,20,0,Petrol,7.03,1
5.6,3,12.4,168,362,2623,79,38,Petrol,8.16,1
2.1,8,8.5,209,136,6090,28,30,Petrol,18.4,1
1.36,1,12.1,42,33,9723,15,38,Petrol,43.8,1
1.6,8,12.5,323,326,5183,44,18,Diesel,14.83,0
0.78,2,10.6,50,45,5160,8,22,Petrol,48.92,1
3.4,6,8.9,204,294,6496,52,37,Diesel,12.71,0
0.47,1,9.9,47,47,8436,12,16,Petrol,53.04,1
3.1,3,9.8,166,383,2959,88,49,Petrol,11.87,1
0.13,1,11.3,26,53,6243,34,18,Petrol,61.63,1
2.3,3,12.4,302,136,4327,65,42,Petrol,16.07,1
1.2,6,9.5,230,355,5394,37,14,Diesel,17.7,0
2.9,6,12.2,392,459,4733,43,39,Petrol,14.32,1
1.33,1,11.6,42,18,9341,43,18,Petrol,43.27,1
0.52,2,10.5,59,34,7455,17,49,Petrol,56.35,1
5,8,11.2,211,470,3166,85,21,Diesel,17.71,0
3.8,4,8.2,222,285,2574,81,11,Petrol,11.57,1
0.15,1,11.9,52,46,8124,48,33,Petrol,58.74,1
4,8,8.4,116,454,6364,49,8,Petrol,10.68,1
3.1,4,8.4,298,216,4838,28,1,Petrol,15.5,1
2.9,6,8.9,70,338,4849,67,14,Petrol,11.68,1
1.44,1,11.6,14,31,7294,7,1,Petrol,48.35,1
3.7,4,8.8,155,284,5356,97,17,Diesel,13.49,0
0.76,2,9.3,57,30,9646,40,22,Petrol,54.72,1
0.75,2,11.3,19,14,7849,35,-1,Petrol,52.68,1
5.3,4,11.3,73,115,4839,99,44,Diesel,14.1,0
5.7,6,12.3,229,439,3687,31,39,Petrol,6.53,1
5,6,12.1,337,422,5913,62,33,Diesel,10.41,0
0.48,1,9.8,55,11,7546,39,12,Petrol,54.58,1
1.28,2,9.1,43,50,8974,8,47,Petrol,45.72,1
1.08,2,11.2,38,45,5728,25,46,Petrol,42.55,1
0.9,1,11,44,57,6571,22,38,Petrol,55.17,1
1.19,1,10.2,41,46,8851,17,12,Petrol,46.88,1
1.36,2,10.8,57,34,6365,17,48,Petrol,47.18,1
1.3,6,8.3,302,175,6360,90,17,Diesel,21.22,0
0.73,1,10,34,30,8636,27,5,Petrol,55.9,1
1.21,2,9.3,51,48,8294,9,24,Petrol,46.97,1
0.26,2,9.5,19,53,8324,42,-4,Petrol,59.81,1
0.7,1,9.8,18,59,7681,6,-6,Petrol,48.26,1
3.8,6,12.3,214,426,6312,64,-7,Petrol,12.56,1
0.59,1,11.5,28,53,10301,43,16,Petrol,51.72,1
0.71,2,9.9,59,37,8709,24,17,Petrol,49.38,1
1.17,2,11.9,48,10,6996,32,46,Petrol,43.96,1
1.32,1,9.8,15,53,9780,36,34,Petrol,44.27,1
1,6,12.5,282,302,4811,55,24,Petrol,17.06,1
0.33,2,9.8,24,40,8584,7,5,Petrol,57.35,1
4.6,6,12.6,399,323,4831,91,27,Diesel,15.18,0
2.2,6,8.9,159,235,4745,79,39,Petrol,13.98,1
0.47,2,10.3,45,36,10320,37,42,Petrol,57.01,1
1.6,4,12.6,322,489,2255,88,36,Diesel,18.74,0
1.39,1,9.3,39,59,9972,9,44,Petrol,50.3,1
0.77,1,12.4,20,30,9158,29,11,Petrol,50.96,1
5.1,8,10.8,167,204,2510,20,10,Diesel,9.81,0
4.8,4,12.7,152,244,4048,70,34,Diesel,10.49,0
0.95,2,9.8,58,49,6823,38,17,Petrol,40.07,1
1.26,1,10.1,10,53,5388,34,19,Petrol,46.6,1
4.9,4,10.9,324,402,5278,33,-9,Diesel,10.61,0
0.95,1,11.2,24,36,7482,38,41,Petrol,50.65,1
3.6,3,10.3,99,346,5177,70,6,Diesel,12.77,0
2.1,8,10.3,103,361,6300,62,37,Petrol,17.39,1
2.6,8,10.7,220,282,5445,35,-3,Diesel,15.92,0
2.9,3,12.4,224,192,2671,69,47,Petrol,12.38,1
2,3,12.1,161,269,5900,41,10,Diesel,19.37,0
0.6,2,12.1,58,23,6753,49,16,Petrol,61.14,1
0.16,1,11.8,31,56,10175,34,32,Petrol,60.95,1
1.15,2,9.6,24,56,5638,26,3,Petrol,46.64,1
4,4,9.8,285,485,2364,45,3,Petrol,13.73,1
1.15,1,9.1,27,47,6906,19,14,Petrol,49.91,1
1.13,1,9.6,48,26,10350,26,15,Petrol,44.02,1
2.6,4,10.4,136,332,4156,37,36,Petrol,15.21,1
3.8,3,11.7,180,363,6007,61,30,Petrol,13.82,1
4,3,9.2,384,464,5812,52,42,Diesel,11.42,0
1.3,8,8.8,181,103,5421,94,19,Petrol,17.5,1
0.67,1,12.4,40,15,5467,32,0,Petrol,50.81,1
1.31,2,11.9,58,39,7551,42,40,Petrol,48.6,1
3.6,6,10.4,242,399,3141,87,8,Diesel,14.46,0
0.38,1,11.6,21,56,7048,30,3,Petrol,58.12,1
0.32,1,10.7,52,12,8744,10,39,Petrol,51.82,1
0.74,1,10.9,19,53,7060,44,-9,Petrol,59.77,1
1.21,1,9.4,14,53,6969,18,42,Petrol,46.09,1
1.12,1,12.3,21,44,6570,5,29,Petrol,50.54,1
1.15,2,11.8,44,30,7898,18,15,Petrol,49.99,1
1.37,1,10.1,51,34,7449,44,-3,Petrol,40.19,1
0.75,2,10.1,32,24,5992,29,6,Petrol,49.48,1
5.5,3,9.9,378,203,4151,70,28,Petrol,6.04,1
0.29,1,11.8,38,42,7035,34,28,Petrol,60.53,1
0.9,2,12.5,42,46,5950,37,-7,Petrol,55.53,1
1.33,2,10.2,47,22,9910,40,34,Petrol,47.91,1
0.28,1,10.4,38,17,8228,8,1,Petrol,61.19,1
1.1,1,11.1,29,20,8325,14,29,Petrol,55,1
0.92,1,10.4,56,35,7349,47,1,Petrol,49.99,1
4.6,8,11,393,232,4935,56,-3,Diesel,9.92,0
4.2,4,11.9,356,477,6146,48,3,Petrol,9.62,1
1.48,2,11.9,32,10,6854,44,4,Petrol,44.82,1
2.9,4,8.3,206,301,5507,76,42,Petrol,12.37,1
0.68,2,12,47,11,8281,31,23,Petrol,53.94,1
5.6,4,10.9,320,278,3205,43,14,Diesel,3.41,0
5.6,6,9.8,132,249,4713,47,39,Diesel,8.69,0
4.3,6,8.9,153,460,2688,39,43,Petrol,11.62,1
0.36,2,10,41,22,5989,27,40,Petrol,59.79,1
1.9,8,12.5,101,257,4332,68,34,Petrol,18.37,1
0.92,2,10,56,59,9289,32,38,Petrol,49.62,1
2.9,6,10.8,388,231,5335,48,44,Diesel,13.9,0
2.2,4,11.2,156,154,3823,69,-4,Diesel,16.66,0
4.2,3,8.1,316,422,4490,91,43,Diesel,13.23,0
5.4,8,10.8,333,390,4143,97,21,Petrol,5.44,1
1.3,1,11.9,13,46,9277,25,3,Petrol,48.78,1
0.12,1,9.3,32,30,9242,23,25,Petrol,57.87,1
4.1,4,11.5,372,296,5594,21,-8,Petrol,8.69,1
4,6,10,291,492,5577,43,6,Diesel,13.21,0
5.3,6,10.4,284,227,6831,33,-2,Diesel,13.71,0
0.46,1,9.5,52,55,7051,30,47,Petrol,57.42,1
5.5,6,11.5,362,174,4175,61,25,Diesel,7.48,0
0.67,2,10.7,21,32,5341,25,16,Petrol,53.29,1
5.5,6,12.4,237,197,2454,29,34,Petrol,8.35,1
1.18,1,10.5,11,52,8776,40,40,Petrol,51.63,1
0.44,1,10.4,49,20,6136,43,29,Petrol,52.75,1
4.3,4,12.7,138,411,3785,55,36,Petrol,16.66,1
0.47,1,11.1,52,26,9460,47,23,Petrol,53.86,1
0.58,1,10.2,10,34,5060,47,29,Petrol,61.1,1
3.1,4,9.2,200,328,6203,63,40,Diesel,15.04,0
2.7,3,8.5,374,116,2329,76,44,Petrol,11.46,1
3.5,6,8.4,149,315,2338,27,20,Diesel,14.12,0
4.4,8,12.2,94,188,5726,78,15,Diesel,13.36,0
0.17,1,11.3,41,19,10135,11,6,Petrol,59.11,1
1.38,1,9.1,16,18,7930,12,39,Petrol,42.37,1
0.69,1,11.8,40,39,7419,43,24,Petrol,55.91,1
0.15,1,11.1,44,53,10217,7,26,Petrol,56.95,1
3.6,4,10.2,108,114,5959,23,18,Diesel,15.26,0
0.83,1,10.5,53,11,5310,39,31,Petrol,54.21,1
5.9,6,8,338,240,5810,58,35,Diesel,10.65,0
2.9,8,10.4,254,371,5511,29,19,Diesel,12.83,0
0.68,2,10.5,14,10,8760,7,34,Petrol,49.17,1
0.51,1,9.8,34,57,5704,19,-2,Petrol,52.14,1
1.4,6,10,209,286,4041,56,26,Diesel,16.87,0
5.4,6,12.7,80,161,3868,44,-4,Diesel,7.55,0
6,4,9.2,217,448,2884,93,32,Petrol,6.96,1
0.36,1,11.7,15,14,6796,27,38,Petrol,54.6,1
3.5,8,11,310,160,3914,54,39,Diesel,13.34,0
5.5,8,10.3,338,219,2892,92,-7,Diesel,8.99,0
0.91,1,9.3,50,12,7682,32,18,Petrol,51.76,1
4.2,8,10.8,295,223,2974,57,-3,Petrol,12.27,1
1.07,1,9.2,27,15,5036,17,17,Petrol,38.86,1
3.9,6,12.1,125,139,5930,96,34,Diesel,10.46,0
1.13,2,10.8,25,49,7139,37,48,Petrol,49.92,1
5.2,8,11.5,239,455,6286,46,27,Diesel,11.03,0
0.36,2,12.1,54,40,9521,14,21,Petrol,60.02,1
1.6,3,12.1,275,176,4012,31,28,Petrol,15.17,1
1.8,4,8.4,224,212,4064,79,13,Diesel,15.96,0
0.5,1,9.1,50,41,10089,32,49,Petrol,55.57,1
1.7,4,11.8,347,295,3887,87,16,Petrol,17.58,1
1.09,2,10.7,31,35,8191,22,39,Petrol,47.29,1
5.9,6,11.4,273,263,2762,71,1,Petrol,7.94,1
1.18,1,11.4,35,43,6453,38,18,Petrol,42.09,1
1.42,2,9.4,50,48,8342,33,18,Petrol,48.3,1
1.18,2,9.8,20,36,8778,21,33,Petrol,46.72,1
1,6,11.7,372,456,6026,25,8,Petrol,19.8,1
2,3,9.1,389,380,2791,31,7,Diesel,15.59,0
1.31,2,10.7,17,55,5984,21,18,Petrol,49.02,1
5.2,6,11.8,250,123,5899,22,9,Petrol,11.05,1
4.9,6,10.4,275,372,5965,28,27,Diesel,9.05,0
1.01,1,10.1,11,33,5583,15,2,Petrol,48.51,1
0.31,2,10.6,39,27,6389,35,27,Petrol,59.97,1
1.3,1,11.7,17,20,5213,28,30,Petrol,43.72,1
0.44,2,12.5,41,24,5591,26,17,Petrol,57.17,1
0.11,1,10.1,11,42,7848,45,2,Petrol,64.24,1
0.22,1,11.9,35,31,8174,6,27,Petrol,63.19,1
5,6,9,374,459,2316,86,48,Diesel,11.28,0
0.14,2,12.3,48,40,6439,45,39,Petrol,62.4,1
4,6,10.4,153,307,2899,25,47,Diesel,13.12,0
1.2,2,10.7,50,51,9109,15,7,Petrol,44.91,1
1.21,1,11.3,53,27,6989,22,8,Petrol,46.31,1
0.42,1,12.5,50,12,7971,14,40,Petrol,54.29,1
0.14,2,9.9,21,58,10844,35,47,Petrol,59.23,1
4.7,8,10.1,73,319,3387,39,49,Petrol,7.48,1
1.12,1,10.7,11,24,6441,40,-5,Petrol,54.81,1
4.2,6,13,255,345,6732,31,-8,Petrol,14.55,1
4.6,6,8.7,77,199,6573,61,33,Diesel,13.56,0
0.62,2,10.8,46,14,9005,49,30,Petrol,55.43,1
0.72,2,10.8,34,29,5129,43,-5,Petrol,51.69,1
1.01,1,10.1,37,11,6252,9,-10,Petrol,48.5,1
5.8,6,10.3,79,294,2629,33,5,Diesel,9.09,0
0.83,1,10.2,39,50,6280,9,9,Petrol,53.46,1
0.45,2,10.3,37,52,7734,41,1,Petrol,55.85,1
0.76,2,12,53,37,6390,19,-5,Petrol,51.62,1
2.2,4,8.3,362,119,2281,48,-10,Petrol,15.21,1
0.27,2,10.6,14,42,6008,18,1,Petrol,57.72,1
5.3,3,10.3,247,393,5923,42,34,Petrol,10.31,1
1.5,3,12.7,77,440,2128,27,18,Diesel,19.15,0
1.7,3,11.5,380,218,4474,93,19,Diesel,16.27,0
0.8,2,11.2,17,56,8952,16,16,Petrol,52.59,1
4.3,3,9.1,211,152,3327,88,30,Petrol,12.3,1
0.25,2,11.3,59,15,5574,13,22,Petrol,60.52,1
1.2,1,11,50,20,6347,38,27,Petrol,47.24,1
2.5,3,11.3,151,496,3000,42,8,Diesel,14.36,0
2.3,3,11.2,282,242,5147,90,4,Diesel,17.3,0
4.4,4,9.9,374,323,5568,54,33,Petrol,11.28,1
0.34,1,11.2,11,55,8848,7,10,Petrol,55.9,1
5.3,4,10.6,186,320,3177,44,1,Petrol,9.58,1
2.1,8,10.4,112,442,4545,62,34,Diesel,13.44,0
5.1,3,10.2,372,216,2714,70,4,Petrol,9.61,1
1.8,4,8.8,121,126,3692,47,24,Petrol,13.58,1
3.8,8,8.4,227,245,6097,68,2,Diesel,10.44,0
1.7,8,11.4,143,138,5654,82,45,Petrol,16.15,1
1.21,1,9.6,45,29,6475,11,43,Petrol,46.16,1
0.99,1,12.3,31,30,6243,13,15,Petrol,50.29,1
0.4,1,11.1,51,17,9815,30,16,Petrol,53.84,1
5.1,4,10.1,271,444,2145,38,25,Petrol,11.59,1
0.31,2,10.5,14,56,6584,39,33,Petrol,55.84,1
0.23,1,9.1,24,44,5987,11,21,Petrol,59.06,1
4.1,8,9.3,146,353,2769,83,24,Diesel,15.14,0
3.1,6,10.2,310,379,6795,65,8,Petrol,15.65,1
3.9,3,9.7,357,266,6131,55,-8,Diesel,8.83,0
0.58,1,11.2,22,58,8713,9,33,Petrol,50.44,1
0.43,2,10.9,47,17,6585,7,43,Petrol,54.96,1
1.8,6,8.3,241,357,4661,54,23,Diesel,13.32,0
3.1,4,9.7,219,399,5619,88,2,Diesel,16.42,0
0.34,1,10.4,39,25,8083,21,5,Petrol,58.68,1
4.3,6,12,213,129,2236,42,17,Diesel,13.13,0
0.44,2,11.4,29,15,9551,43,21,Petrol,57.89,1
0.28,1,11.9,47,43,7556,18,25,Petrol,53.99,1
2.7,6,8.4,318,430,6930,71,12,Diesel,12.82,0
1.42,2,12.1,15,44,5405,47,4,Petrol,46.05,1
0.63,1,12.1,39,23,5133,7,5,Petrol,53.4,1
1.9,4,12.1,232,165,6225,54,7,Diesel,16.37,0
5.7,6,10.9,322,409,6259,33,-10,Petrol,9.69,1
4,8,11.8,94,240,4529,27,10,Petrol,12.11,1
5.8,4,10.2,210,130,2845,39,7,Petrol,9.46,1
0.49,1,12,41,38,9138,6,49,Petrol,51.16,1
0.89,1,9.7,34,11,8850,35,45,Petrol,46.41,1
0.52,1,10.5,18,44,9244,13,17,Petrol,52.96,1
4.4,6,8.3,329,359,3638,59,6,Petrol,10.6,1
2,4,9.1,290,407,2419,57,28,Diesel,17.75,0
0.67,2,11.3,44,16,7139,26,3,Petrol,55.32,1
1.7,8,9.9,202,282,6481,81,16,Diesel,19.34,0
0.92,2,11.4,48,14,8084,25,15,Petrol,49.65,1
2.1,4,12.9,242,259,2163,79,0,Petrol,18.19,1
1.3,4,10.4,265,133,6719,71,18,Petrol,17.08,1
3.2,3,11.9,182,204,2016,28,30,Diesel,12.39,0
0.46,1,11.9,49,30,5714,38,-3,Petrol,60.88,1
5.5,6,11.2,148,442,2855,64,8,Petrol,7.79,1
1,8,11.7,178,251,5088,24,9,Diesel,17.85,0
1.13,2,10.2,55,45,6674,19,8,Petrol,45.56,1
1.7,4,8.5,77,419,3573,27,29,Petrol,17.67,1
0.97,1,10.3,59,12,8632,40,-7,Petrol,52.23,1
3.6,3,8.2,335,248,5747,31,16,Diesel,15.25,0
5.9,4,11,250,259,5983,51,21,Petrol,6.49,1
2.6,3,12.6,252,252,6583,78,3,Diesel,15.52,0
3.1,4,11.1,347,312,5243,51,40,Petrol,14.41,1
2.3,8,12.1,188,138,4544,31,30,Diesel,17.03,0
0.86,1,11.2,30,17,5301,44,35,Petrol,53.39,1
1.7,6,10.7,304,444,4581,48,2,Diesel,18.95,0
1.7,6,8.7,352,149,5678,98,40,Petrol,15.75,1
0.68,2,11.7,42,12,5702,23,12,Petrol,50.38,1
4.4,6,12.4,350,227,5300,27,31,Diesel,13.85,0
1.14,2,12.1,13,49,10602,36,31,Petrol,49.34,1
4.2,6,9.6,371,330,2922,85,30,Diesel,12.97,0
3.5,4,12.2,383,153,5083,97,3,Diesel,8.57,0
4.7,4,11.8,89,174,5983,89,45,Diesel,8.46,0
2.8,3,11.2,93,326,3828,73,29,Petrol,14.41,1
0.35,1,9.1,55,13,9283,49,9,Petrol,59.44,1
3.5,8,11.6,298,435,4947,43,23,Petrol,12.49,1
3.9,8,11,257,159,4962,68,35,Diesel,13.11,0
1.14,2,12.4,40,45,7066,49,25,Petrol,46.15,1
0.27,1,11.6,42,27,5830,32,48,Petrol,59.62,1
0.52,2,9.6,15,13,5659,31,4,Petrol,57.45,1
2.9,3,12.2,144,458,6697,35,-6,Petrol,13.22,1
0.57,1,9.1,58,39,7757,21,48,Petrol,50.94,1
2.4,6,12.7,104,401,6676,83,26,Petrol,9.77,1
5.7,6,11.5,159,359,6733,58,39,Petrol,7,1
1.37,1,11.7,45,15,7856,48,49,Petrol,48.49,1
0.76,1,9,33,53,9713,34,11,Petrol,51.88,1
2.2,4,9.2,289,369,2631,29,5,Diesel,13.46,0
5.2,3,9.3,398,400,3719,76,10,Diesel,5.73,0
3.6,8,10.1,76,169,3422,51,45,Petrol,10.67,1
5.4,3,10,223,475,6991,33,46,Petrol,9.48,1
3.4,4,12.9,138,230,5670,56,13,Petrol,10.66,1
5.7,6,12.8,230,277,6724,87,31,Petrol,6.45,1
1.3,8,11.4,358,180,3687,80,23,Petrol,19.42,1
4.9,3,10.7,167,297,4657,84,-1,Diesel,5.63,0
1.7,4,12.7,181,156,5137,93,23,Petrol,16.35,1
4.7,8,9.5,363,158,2610,83,40,Diesel,12.84,0
1.2,1,9.7,16,30,9627,30,-7,Petrol,48.37,1
1.9,4,12.4,283,215,2781,46,30,Petrol,19.45,1
0.88,1,11.6,58,11,10879,7,-3,Petrol,48.92,1
5,6,9.9,348,188,4426,69,32,Diesel,6.97,0
4.8,8,12.8,337,173,2007,43,49,Diesel,11.13,0
4.1,4,12,116,498,4285,61,49,Petrol,14.54,1
4.4,8,12,332,435,4924,22,16,Petrol,10.53,1
0.36,1,12.1,57,52,5612,8,19,Petrol,55.19,1
4,4,8.4,101,236,5958,35,-10,Petrol,12.53,1
1.04,1,11.2,13,37,6125,35,48,Petrol,49.46,1
1.6,6,8.1,94,230,4400,87,14,Diesel,15.8,0
2.8,6,12.9,334,471,5557,69,-5,Diesel,15.52,0
4.5,4,9.6,282,315,3154,95,17,Petrol,7.75,1
1.4,6,8.4,232,279,4593,60,40,Petrol,17.52,1
0.73,1,11.6,32,57,5895,26,6,Petrol,52.39,1
5.9,4,11.2,281,480,3089,59,45,Diesel,10.65,0
1.2,8,8.9,270,247,6219,20,-3,Petrol,19.34,1
0.4,1,10.3,30,44,6336,18,25,Petrol,54.87,1
5.3,6,11.8,321,432,4257,25,48,Petrol,6.28,1
0.42,2,10.3,44,28,10661,18,48,Petrol,51.52,1
3,6,8.2,339,253,3750,41,37,Diesel,15.08,0
5.2,6,12.9,275,162,4810,38,36,Diesel,11.37,0
0.73,2,9.8,45,49,7512,34,-2,Petrol,52.64,1
2.4,6,11,296,433,4269,60,-7,Petrol,14.59,1
1.1,4,12.4,71,460,6008,74,5,Diesel,19.27,0
1,4,10.9,133,149,3492,40,-6,Diesel,16.7,0
0.45,1,9.8,53,42,7044,13,-2,Petrol,58.43,1
5.4,6,10.9,370,442,3447,95,43,Diesel,10.2,0
0.71,1,11.7,50,28,7073,33,11,Petrol,57.74,1
3.9,6,11.5,201,410,3478,47,-7,Petrol,14.83,1
2.8,4,10.4,263,261,4394,74,30,Petrol,18.98,1
0.2,1,9.9,26,21,9357,30,16,Petrol,58.32,1
1.5,8,9.4,162,208,4800,59,3,Petrol,13.99,1
1.9,4,10.6,118,401,6976,81,-3,Diesel,17.72,0
0.15,1,9.4,35,48,5340,46,32,Petrol,56.76,1
1.25,1,10.9,48,50,10670,17,0,Petrol,50.06,1
0.16,1,10.6,55,54,9096,44,33,Petrol,60.14,1
1.04,2,9.9,57,42,8372,30,28,Petrol,50.64,1
1.44,2,11.5,34,36,5173,27,19,Petrol,50.44,1
0.26,2,10.3,45,27,6774,32,29,Petrol,60.09,1
4.7,6,8.4,312,242,6006,21,18,Diesel,8.42,0
0.93,1,9,27,18,10659,7,9,Petrol,54.93,1
4.1,8,11.7,162,265,2386,35,19,Petrol,8.41,1
0.78,1,11,35,46,6236,35,14,Petrol,50.26,1
4.6,4,11.3,353,376,3130,37,25,Diesel,8.41,0
2.4,4,11.9,257,463,3889,51,-8,Petrol,17.04,1
0.73,2,11,50,32,5359,15,37,Petrol,52.47,1
3.5,8,10.6,225,106,5267,56,45,Petrol,12.31,1
1.17,1,12.3,28,38,8273,22,17,Petrol,49.61,1
0.24,2,12,17,43,8759,16,27,Petrol,61.58,1
3.2,4,11.4,394,475,5415,78,-8,Diesel,13.4,0
1,3,8.2,303,150,3841,25,48,Diesel,18.82,0
0.31,1,10.7,51,46,7169,41,31,Petrol,55.48,1
0.72,1,12.5,18,58,5796,17,48,Petrol,45.94,1
5.8,4,9.9,178,323,3301,87,-6,Diesel,8.77,0
0.86,1,11.7,32,12,10673,38,21,Petrol,47.86,1
1.09,1,9.6,30,55,5382,48,10,Petrol,49.28,1
0.59,2,11,33,44,10004,38,0,Petrol,55.58,1
0.39,2,11.7,44,27,7151,26,46,Petrol,55.53,1
1.12,2,9.5,14,26,7660,40,43,Petrol,53.12,1
0.42,1,12.4,43,20,6845,49,36,Petrol,54.71,1
1.21,2,10,55,21,10701,21,40,Petrol,48.74,1
0.75,2,12.4,53,41,9677,40,27,Petrol,60.52,1
3.1,3,11,261,348,5825,70,42,Diesel,15.71,0
1.47,1,10.4,56,56,7819,11,34,Petrol,45.79,1
0.18,2,9,26,58,8935,12,8,Petrol,58.18,1
2.4,8,9.3,394,112,2942,80,20,Petrol,16.97,1
5.6,6,8.2,392,153,4953,61,10,Diesel,10.38,0
0.6,2,11.8,33,44,5695,34,46,Petrol,53.63,1
0.99,2,9.2,22,49,9743,9,49,Petrol,49.03,1
1.02,1,11.7,45,44,7241,44,12,Petrol,47.34,1
2.9,3,10,144,454,5655,22,3,Diesel,14.15,0
1.23,2,12.3,43,54,8644,23,48,Petrol,48.87,1
1.4,3,12.2,213,457,6545,32,45,Diesel,18.79,0
0.51,1,9.8,48,12,7951,27,3,Petrol,53.49,1
0.13,1,11,48,10,10789,17,10,Petrol,56.61,1
1.9,3,10.1,350,313,4384,74,12,Diesel,15.93,0
1.25,2,10.9,29,41,8953,18,39,Petrol,50.77,1
4.5,8,12.1,91,129,4307,96,48,Petrol,9.52,1
3.4,3,9.4,317,453,3264,45,7,Diesel,14.98,0
0.49,2,11.5,32,33,5817,12,30,Petrol,56.54,1
0.22,1,12.3,10,52,9232,31,23,Petrol,57.28,1
0.54,2,11.8,24,22,6106,10,37,Petrol,55.15,1
1.4,4,8.2,385,316,6118,40,32,Petrol,18.12,1
1.03,2,12.4,53,20,10904,8,36,Petrol,56.42,1
6,8,8.5,373,458,4587,60,24,Petrol,7.18,1
3.2,3,9,296,335,6968,90,30,Petrol,14.04,1
0.68,1,11.5,18,18,8237,15,43,Petrol,49.22,1
1.33,2,9.8,54,32,6196,49,23,Petrol,48.72,1
1.5,3,11.7,395,248,2539,73,43,Petrol,16.67,1
0.91,1,9.3,52,44,6548,14,42,Petrol,53.12,1
0.12,2,10.3,33,11,7005,21,25,Petrol,57.26,1
1.43,1,9.1,12,56,7661,21,1,Petrol,45.47,1
3.2,6,12.8,257,445,4277,84,9,Petrol,13.63,1
0.74,2,9.9,26,49,8675,16,16,Petrol,50.31,1
2.8,6,9.8,203,490,6063,44,22,Diesel,14.67,0
4.6,8,9.1,382,225,2719,62,42,Petrol,11.13,1
1.29,2,9.1,20,17,9320,27,14,Petrol,47.25,1
2.3,6,9,128,231,6711,86,18,Diesel,13.91,0
3.3,3,11.7,287,103,2392,24,45,Diesel,11.81,0
6,3,10.7,212,387,2277,36,48,Petrol,9.54,1
1.35,1,12,54,28,5460,12,29,Petrol,50.84,1
5.5,4,8.8,390,148,5173,73,49,Diesel,7.59,0
4.4,6,11.5,74,183,4295,73,22,Petrol,11.32,1
5.8,3,10.6,84,323,5644,40,35,Diesel,8.02,0
1.23,2,10.6,19,55,6932,35,19,Petrol,46.63,1
3.7,4,12.3,77,334,2619,52,6,Diesel,11.74,0
1.44,1,9.7,44,57,7743,30,46,Petrol,47.37,1
0.41,2,10.6,27,28,5869,22,15,Petrol,53.43,1
4.4,4,10,316,107,5212,27,19,Petrol,13.83,1
4.5,8,9.2,390,138,6282,63,-2,Diesel,11.93,0
2.8,8,10.8,324,270,4217,85,44,Diesel,15.49,0
1.12,1,9.3,46,36,7936,33,-8,Petrol,59.29,1
0.77,2,11.2,29,39,8696,43,16,Petrol,47.91,1
2.2,4,11.1,242,215,6956,72,16,Diesel,17.85,0
5.5,3,12.4,185,442,6410,94,30,Petrol,8.45,1
1,6,8.2,347,453,3772,60,18,Petrol,21.37,1
0.89,1,10.5,21,35,8954,23,34,Petrol,49.52,1
0.59,1,12.1,16,35,9647,9,10,Petrol,56.09,1
1.34,1,10.9,54,38,8975,45,37,Petrol,48.22,1
0.56,1,12,37,55,8576,31,-7,Petrol,56.43,1
0.74,2,9.3,36,49,10089,33,13,Petrol,51.5,1
0.59,1,11.9,43,58,8252,27,34,Petrol,56.17,1
0.18,1,12.4,16,48,8156,24,-8,Petrol,50.52,1
1.34,1,9.2,13,37,9939,42,40,Petrol,50.25,1
5.2,8,10.1,375,129,4749,44,37,Petrol,11.24,1
1.24,1,9.6,57,56,8811,43,5,Petrol,45.81,1
0.93,2,11.3,40,51,8273,36,48,Petrol,54.97,1
0.48,2,10.8,26,20,8551,14,11,Petrol,57.15,1
0.52,2,11.5,30,46,7800,5,14,Petrol,50.29,1
0.34,2,12.4,33,11,9199,19,21,Petrol,55.35,1
1,8,8.3,142,240,6677,25,9,Diesel,19.88,0
1.47,1,12,58,21,6903,49,44,Petrol,39.66,1
3.3,6,10.5,197,468,6946,62,41,Petrol,14.39,1
0.27,2,11.8,42,23,9769,8,13,Petrol,59.97,1
0.87,1,12.4,28,10,6476,31,5,Petrol,53.03,1
1.31,2,9.6,44,28,7763,20,48,Petrol,47.46,1
1.05,2,11.2,11,31,5882,41,-3,Petrol,50.19,1
0.45,2,11.2,12,59,8062,23,40,Petrol,55.71,1
0.5,2,10.1,36,21,6424,10,22,Petrol,53.08,1
0.7,2,12.1,14,42,10437,45,8,Petrol,51.47,1
0.39,2,10.3,42,22,10203,11,4,Petrol,56.74,1
1.4,8,11.9,197,409,6855,39,18,Diesel,18.05,0
5.6,4,8.1,131,256,2201,36,-9,Petrol,8.46,1
1.46,2,9.4,50,14,8545,24,30,Petrol,45.69,1
0.2,1,11.1,43,34,10922,20,-9,Petrol,53.67,1
0.5,1,11.3,31,35,8366,31,18,Petrol,60.3,1
3.2,8,8.5,391,408,4849,41,-8,Petrol,12.34,1
2.7,6,10.8,142,451,6655,89,30,Diesel,11.3,0
0.8,6,8.9,152,253,6916,98,48,Diesel,18.74,0
4.6,6,12.4,317,377,4915,49,14,Diesel,11.08,0
2.8,6,12.7,206,263,2082,20,-1,Petrol,13.4,1
0.66,2,11.9,51,41,5175,42,6,Petrol,58.5,1
2.5,8,12.5,196,466,5342,23,18,Petrol,14.97,1
0.82,1,10.5,28,37,8856,47,46,Petrol,55.46,1
1.9,6,11.3,314,250,3134,71,36,Diesel,18.27,0
1,3,9.8,138,398,6897,59,0,Petrol,21.41,1
4,4,11.4,163,403,3526,29,7,Diesel,11.4,0
5,3,12.1,388,176,5757,22,-1,Diesel,6.65,0
1.48,1,10,55,51,7556,10,32,Petrol,45.48,1
0.85,1,9.9,37,42,6717,41,-2,Petrol,54.5,1
0.99,1,11.9,49,45,8697,47,26,Petrol,49.39,1
1.2,1,10.5,31,20,8769,17,-7,Petrol,43.01,1
0.76,1,9.1,37,24,5822,7,3,Petrol,57.28,1
0.9,4,10,171,137,2924,24,38,Petrol,19.29,1
5.4,3,12.1,153,182,2802,87,-6,Diesel,7.12,0
0.8,4,12.6,352,411,6841,42,14,Diesel,15.7,0
1.26,1,11.8,55,41,5566,36,-6,Petrol,43.43,1
2.5,8,9.8,383,394,4895,80,-2,Petrol,15.62,1
1.21,1,12.1,21,32,7942,26,-2,Petrol,41.43,1
0.32,1,11.4,22,41,8629,27,34,Petrol,59.73,1
3.5,8,8.8,358,308,6733,51,31,Petrol,14.84,1
5.4,4,8.6,184,261,3736,47,0,Diesel,6.44,0
1.9,8,12.8,141,462,2136,66,22,Petrol,15.07,1
3,8,10.7,399,274,2448,48,39,Diesel,15.06,0
0.91,1,9.1,56,22,7607,33,28,Petrol,45.02,1
0.3,1,11.4,16,22,6348,30,38,Petrol,60.28,1
5.7,4,11.9,131,116,2250,22,4,Petrol,10.03,1
5.4,3,9.1,351,479,3167,44,43,Diesel,9.76,0
5.1,3,12.1,187,332,2717,48,8,Diesel,13.32,0
1.25,1,10.4,24,12,9234,34,46,Petrol,46.67,1
0.86,1,12.4,37,58,9780,22,-9,Petrol,54.22,1
0.82,1,12.5,29,38,5634,46,18,Petrol,49.55,1
1.12,2,11.1,13,20,8193,35,32,Petrol,48.52,1
5.6,6,9.9,131,355,2670,80,45,Petrol,7.33,1
4.8,6,10.9,387,394,3503,77,41,Petrol,10.56,1
0.3,1,11.3,53,38,7618,11,17,Petrol,57.45,1
4.7,3,12.5,284,486,3812,83,15,Petrol,10.36,1
5.4,3,10.9,131,431,3705,80,2,Petrol,7.59,1
3.9,8,8.9,306,485,3629,95,-1,Petrol,15.21,1
0.81,1,9.7,26,35,7561,16,40,Petrol,53.43,1
4.9,8,9.4,363,338,6290,57,-8,Diesel,12.26,0
4.1,8,9.6,242,255,5988,32,16,Diesel,8.75,0
4.2,4,12.1,348,474,6933,95,22,Diesel,12.84,0
0.71,1,9.1,31,15,9500,36,24,Petrol,54.24,1
1.3,2,11.7,34,55,10818,44,18,Petrol,50.33,1
0.71,2,11.3,27,11,7378,37,43,Petrol,60.25,1
0.53,1,10.1,44,20,8770,25,40,Petrol,51.17,1
0.67,1,9,57,44,5165,35,3,Petrol,54.02,1
0.53,1,9.5,52,44,5514,20,-6,Petrol,56.15,1
1.31,1,11.1,34,13,6596,33,8,Petrol,52.21,1
2.8,3,9.1,280,442,2650,74,17,Diesel,13.42,0
3.5,6,9.1,120,248,4827,69,-7,Diesel,12.76,0
1.42,2,10.8,41,20,7961,31,44,Petrol,49.17,1
5.3,3,8.6,144,376,2939,24,12,Petrol,11.63,1
4.2,8,9.4,390,163,3678,95,11,Diesel,13.76,0
3.2,3,11.3,162,241,5505,39,39,Diesel,14.65,0
1.08,2,11.9,29,39,7690,32,45,Petrol,53.19,1
5.8,3,12.4,391,392,2944,85,25,Diesel,8.74,0
0.23,2,11.1,29,17,10148,44,15,Petrol,56.8,1
0.22,1,11.1,25,55,9925,47,-4,Petrol,59.13,1
4.4,6,9.9,284,187,5327,92,24,Petrol,11.2,1
1.8,6,9.1,308,322,3230,39,49,Diesel,17.09,0
1.41,2,9.3,20,43,6094,48,47,Petrol,46.83,1
0.42,2,10.6,47,33,10001,36,41,Petrol,59.5,1
5.9,4,8.8,141,395,6331,75,12,Diesel,3.13,0
1.22,1,10.1,17,38,5861,14,28,Petrol,43.56,1
0.52,1,12.4,35,31,8587,35,7,Petrol,50.9,1
2.6,6,12.3,347,229,6126,30,17,Diesel,12.66,0
0.77,1,11.7,55,33,8183,27,6,Petrol,53.39,1
3.1,3,12.9,382,205,2225,28,11,Petrol,14.88,1
4.3,4,11.9,175,370,3526,58,2,Diesel,14.68,0
1.49,1,12.1,29,35,8802,25,7,Petrol,51.42,1
0.88,1,11.4,16,44,9143,22,5,Petrol,50.02,1
2.5,4,10.3,293,417,4535,32,34,Petrol,18.81,1
3.3,3,11.2,201,138,4892,51,48,Diesel,16.65,0
1.5,4,10.9,289,152,3757,86,17,Diesel,11.85,0
1.36,1,11.1,47,17,7294,12,46,Petrol,45.64,1
1.2,2,9.9,19,12,10887,16,38,Petrol,49.56,1
2.6,4,12.9,196,386,6861,41,-7,Diesel,18.06,0
0.1,1,12,59,58,5275,17,6,Petrol,58.57,1
2.6,4,8.5,127,427,6204,42,35,Diesel,12.43,0
0.95,1,12.2,56,22,6520,32,14,Petrol,53.09,1
4.8,6,10.6,355,458,6108,32,32,Diesel,13.44,0
0.14,2,9.7,26,49,10586,19,-2,Petrol,63.2,1
0.27,2,11.2,39,42,6848,13,43,Petrol,56.77,1
6,8,12,167,307,3288,51,4,Diesel,11.06,0
1.38,1,9.7,36,21,6344,47,29,Petrol,45.62,1
0.38,2,9.2,48,52,6504,36,47,Petrol,58.26,1
1.4,1,10.4,59,47,5492,12,30,Petrol,51.55,1
0.5,2,10.5,33,58,8220,6,29,Petrol,54.65,1
0.96,2,11.4,47,37,9033,42,44,Petrol,51.04,1
0.94,1,10.8,31,35,8747,17,41,Petrol,52.01,1
2.6,8,10.2,152,285,3378,75,48,Diesel,18.7,0
1.29,1,9.3,57,49,7656,16,-3,Petrol,46.87,1
0.38,1,9.6,56,25,5183,16,20,Petrol,58.3,1
0.31,2,12.4,34,43,10698,28,43,Petrol,60.52,1
1.16,2,11,12,33,6028,7,47,Petrol,50.73,1
5.7,8,11.9,232,204,5764,63,15,Diesel,10.05,0
0.6,1,11.7,13,32,6711,5,43,Petrol,55.33,1
0.37,2,9.6,30,34,9947,26,10,Petrol,56.99,1
2.3,6,10.5,319,465,2974,65,14,Petrol,18.83,1
1.7,8,8.6,139,212,6970,66,12,Diesel,17.69,0
1.25,2,11,32,12,8623,14,14,Petrol,48.1,1
1.42,1,9.3,20,14,8308,41,45,Petrol,46.32,1
0.42,2,12.1,11,10,5359,34,0,Petrol,53.29,1
0.85,2,9.4,35,22,5890,12,43,Petrol,55.6,1
1,4,11.9,253,261,3587,95,-10,Petrol,17.29,1
3.2,3,9.1,180,484,5904,82,31,Diesel,15.77,0
5.1,3,10.4,277,107,5758,36,6,Diesel,8.86,0
3.7,8,8.8,235,436,6591,97,34,Diesel,11.7,0
2.8,4,12,379,382,2268,50,42,Diesel,15.5,0
1.9,4,8.1,266,157,2406,53,15,Petrol,15.85,1
0.45,1,11.3,59,27,6411,21,46,Petrol,56.72,1
1.1,1,9.2,53,24,9114,47,36,Petrol,47.24,1
0.6,1,10.9,41,57,7091,44,13,Petrol,54.67,1
0.96,2,10.3,52,59,10184,39,21,Petrol,51.02,1
0.85,2,10,24,56,8907,44,48,Petrol,56.43,1
0.14,1,12.2,13,54,6307,36,34,Petrol,56.98,1
2.5,8,12.8,228,300,5558,64,-9,Petrol,15.56,1
5.4,3,12.7,172,224,5384,99,24,Petrol,8.66,1
1,6,11.9,129,197,6266,64,12,Diesel,16.8,0
5.1,3,10.7,191,207,5075,42,-5,Petrol,11.11,1
3.3,4,10.6,298,301,3235,25,37,Diesel,12.45,0
5.4,6,10.8,175,238,6906,36,21,Diesel,9.01,0
1.12,1,10.2,31,15,8362,26,-10,Petrol,50.06,1
2.9,3,11.9,336,350,4123,33,22,Petrol,10.66,1
0.38,1,9.2,56,14,7931,27,19,Petrol,54.33,1
1.19,2,9.5,57,56,8096,14,3,Petrol,50.93,1
2.6,8,12,94,433,5426,67,23,Petrol,17.02,1
0.21,1,9.8,30,30,9780,11,44,Petrol,55.19,1
0.49,2,9.1,27,20,5783,22,24,Petrol,52.2,1
0.14,2,11,15,53,9586,46,1,Petrol,61.47,1
0.11,1,9.2,36,36,9686,12,-4,Petrol,53,1
0.28,1,10.8,49,21,5140,47,6,Petrol,55.1,1
0.46,2,9.3,35,25,7851,32,43,Petrol,52.2,1
0.57,1,12,39,32,10901,14,-4,Petrol,54.27,1
3.1,6,9.7,297,374,6556,40,26,Petrol,12.49,1
4.8,3,8.8,217,380,6933,82,25,Diesel,8.42,0
0.34,1,11.9,39,54,6810,27,23,Petrol,55.87,1
1.8,8,11.2,290,455,4581,71,41,Petrol,14.93,1
0.26,1,11.3,56,24,5147,13,21,Petrol,56.3,1
5.1,3,10,195,174,5748,41,47,Petrol,9.69,1
0.81,2,9.4,51,39,6182,39,46,Petrol,50.5,1
3.4,4,11.2,164,280,2287,85,48,Diesel,10.13,0
0.56,2,11,25,25,5244,35,32,Petrol,48.76,1
2.3,4,8.6,73,426,5950,69,1,Petrol,16.73,1
0.45,2,12,53,28,9042,44,39,Petrol,53.33,1
4.3,3,12.2,81,294,4537,46,38,Petrol,9.39,1
0.13,2,10.6,51,49,10856,17,45,Petrol,57.67,1
4.7,4,9.1,315,307,3260,41,46,Diesel,8.91,0
0.77,1,12.3,49,18,9683,30,-2,Petrol,56.05,1
0.97,2,11.8,57,29,9155,6,-10,Petrol,53.88,1
0.79,2,11.2,23,11,5526,16,26,Petrol,54.86,1
3.8,8,10.8,349,493,4669,97,26,Petrol,9.06,1
1.38,1,10.4,15,45,6708,40,11,Petrol,49.38,1
0.84,2,11.4,45,34,6119,37,34,Petrol,52.7,1
0.51,2,9,25,14,7708,44,40,Petrol,55.34,1
0.93,1,9.1,15,21,5911,21,34,Petrol,51.31,1
5.6,3,10.3,113,197,4156,46,41,Petrol,8.32,1
4.2,8,9.4,275,434,6138,50,24,Diesel,9,0
0.12,2,10.9,49,22,7338,9,-2,Petrol,56.53,1
3.7,8,12.1,164,377,3985,64,-6,Diesel,9.82,0
1.3,3,9.6,165,174,6078,73,13,Petrol,16.21,1
0.67,2,9.3,25,44,8603,7,-10,Petrol,52.52,1
2.5,8,10.4,395,107,4076,70,22,Petrol,11.01,1
4.1,8,8.6,273,311,3644,39,-2,Petrol,11.15,1
1.49,1,9.3,52,22,8512,26,17,Petrol,49.09,1
0.72,2,11.2,31,52,7258,12,41,Petrol,56.52,1
0.5,1,10,22,37,9232,24,45,Petrol,63.05,1
1.1,3,8.5,337,306,6062,74,3,Diesel,17.65,0
5.6,8,10.6,344,489,2941,61,17,Diesel,8.47,0
1.36,1,11.8,56,16,9362,43,-7,Petrol,48.2,1
3.7,3,9.8,186,145,5892,99,46,Diesel,10.76,0
1.47,1,11.9,13,20,10599,11,35,Petrol,42.36,1
3.7,6,12,97,334,2312,45,14,Petrol,9.7,1
0.19,2,10.2,45,23,7381,39,19,Petrol,55.17,1
0.26,2,12.3,54,24,9717,29,40,Petrol,57.39,1
0.8,8,11.1,250,163,2243,57,12,Petrol,21.56,1
1.5,8,9,399,237,3464,26,37,Petrol,15.83,1
3.8,6,10,377,260,4560,72,49,Diesel,13.41,0
1.9,6,8.3,70,170,6552,80,24,Diesel,14.74,0
0.26,2,9.9,45,59,5755,47,16,Petrol,54.13,1
1.7,4,12.4,116,350,5102,23,26,Diesel,17.18,0
0.21,2,12.3,35,57,8715,34,19,Petrol,60.98,1
1.38,2,10.3,35,16,5256,30,12,Petrol,44.24,1
2.5,6,10,113,299,5735,38,26,Diesel,15.8,0
0.97,2,10.2,30,21,6782,33,22,Petrol,48.83,1
0.89,1,10.2,11,48,8956,48,43,Petrol,50.44,1
0.74,1,11.6,42,53,9675,22,-7,Petrol,51.81,1
0.59,2,11.8,31,11,8243,10,31,Petrol,55.5,1
0.68,2,12.4,23,48,6435,36,17,Petrol,57.24,1
0.9,8,10.4,219,314,5124,78,-1,Diesel,13.85,0
0.98,2,9,12,28,9873,32,18,Petrol,52.42,1
2.8,3,8.3,180,393,2588,38,-8,Diesel,16.58,0
1.6,3,10.5,154,144,5087,96,-8,Petrol,16.05,1
1.33,2,11,22,16,7062,11,27,Petrol,38.75,1
2.5,4,10.9,269,468,6056,69,1,Petrol,17.7,1
1.48,2,11.8,55,57,8917,45,25,Petrol,46.16,1
0.3,1,10.3,23,37,7705,32,40,Petrol,57.39,1
2.5,4,11.8,206,331,6563,87,35,Diesel,15.1,0
1.45,2,9.4,54,22,9243,22,36,Petrol,46.97,1
1.9,3,10.9,370,469,6270,82,1,Diesel,15.83,0
0.59,1,11.7,44,48,10428,30,35,Petrol,53.03,1
5.8,6,11.7,285,332,6800,70,32,Diesel,7.21,0
4.6,6,10.1,256,388,4962,47,48,Petrol,12.96,1
1.2,6,8.9,106,198,2126,59,5,Petrol,19.67,1
3.8,8,8.3,97,272,5629,91,33,Diesel,15.47,0
1.12,2,11,35,49,9180,29,30,Petrol,47.05,1
4.3,4,10.4,227,176,2490,37,12,Diesel,9.05,0
0.44,1,11.3,48,32,6882,49,33,Petrol,57.64,1
0.9,8,9.8,119,439,4394,25,16,Diesel,16.58,0
4.4,8,10.8,356,120,6391,64,2,Petrol,7.48,1
1.38,2,9.2,37,50,6985,29,47,Petrol,44.38,1
0.11,1,10.7,47,15,6098,18,-9,Petrol,56.23,1
0.98,1,10.9,33,54,6058,5,25,Petrol,50.01,1
2.2,3,10.5,195,444,3761,38,12,Diesel,18.72,0
5.5,6,10.9,305,459,3462,37,23,Petrol,8.12,1
0.71,2,11.1,30,15,10983,45,37,Petrol,54.58,1
1.18,2,11.5,27,33,6779,13,20,Petrol,45.77,1
0.9,3,11.2,78,208,3411,35,4,Petrol,22.81,1
4.2,4,11.4,82,359,5260,27,-8,Petrol,8.64,1
0.17,1,9.8,18,39,6140,15,24,Petrol,57.12,1
2.7,4,12.6,142,407,2198,21,43,Diesel,11.87,0
0.67,1,9.7,49,48,6174,33,3,Petrol,55.9,1
1.6,6,8.8,345,335,6304,21,14,Petrol,16.23,1
4.6,3,10.9,175,474,3605,86,47,Diesel,10.05,0
2.4,4,11.2,283,414,3490,81,5,Petrol,14.3,1
5,4,12.1,84,316,3515,74,24,Diesel,9.32,0
5.8,4,9.9,374,243,2110,70,-3,Petrol,9.14,1
0.22,2,11.1,28,51,6296,49,2,Petrol,58.74,1
0.48,2,12.2,27,32,7181,33,14,Petrol,56.42,1
0.18,2,11.3,20,35,8454,38,17,Petrol,59.32,1
1.5,8,12.8,90,153,3207,78,-3,Diesel,17.62,0
5.3,3,9.4,283,158,3644,20,18,Diesel,11.09,0
0.45,1,12.1,54,49,10638,31,-10,Petrol,58.95,1
0.77,2,12,53,32,8624,15,31,Petrol,48.27,1
4.5,6,10.6,278,326,5503,24,37,Diesel,11.42,0
1.26,1,11.5,44,23,5446,35,20,Petrol,48.48,1
1.4,8,10,275,434,5150,89,16,Diesel,18.42,0
4.3,6,11.2,333,178,6482,81,36,Petrol,11.52,1
6,8,12.6,338,100,2545,81,4,Diesel,8.7,0
2.7,4,9.7,167,181,4549,90,18,Diesel,13.26,0
2.9,8,10.4,158,155,5165,80,42,Petrol,13.94,1
5.1,6,12.5,375,221,5199,62,6,Diesel,10.2,0
4.7,8,9.6,394,168,5731,83,5,Diesel,11.68,0
0.63,1,11,18,14,6449,6,-2,Petrol,55.79,1
0.49,2,11.9,38,47,7298,37,7,Petrol,63.75,1
1.11,1,9.8,10,33,8331,22,16,Petrol,53.19,1
1.11,2,9.4,45,15,7365,20,23,Petrol,44.48,1
1.1,4,8.9,125,212,5511,37,43,Petrol,16.42,1
4.3,4,10.5,148,245,2918,73,40,Petrol,7.46,1
1,8,10.7,265,422,4118,37,31,Petrol,14.6,1
1.2,1,12.1,58,59,7410,33,10,Petrol,49.44,1
0.85,2,12,56,21,7738,10,9,Petrol,48.31,1
2,8,8.3,152,418,5768,74,49,Petrol,14.42,1
0.68,2,10.3,31,20,8283,33,40,Petrol,51.03,1
5.8,4,8.3,316,221,6368,57,3,Petrol,7.78,1
4.3,6,12.2,347,155,3910,38,46,Petrol,12.37,1
3.6,6,8.4,248,484,3551,80,43,Petrol,11.86,1
0.12,2,10.8,10,45,5585,47,6,Petrol,56.88,1
0.5,1,10.3,13,23,10135,11,21,Petrol,52.33,1
4.4,3,8.8,194,180,4699,89,11,Diesel,12.78,0
0.32,1,10.9,15,28,5901,49,22,Petrol,60.7,1
1,4,9.4,113,126,2547,74,16,Diesel,17.2,0
5.9,4,9.9,223,134,4126,86,12,Petrol,8.74,1
4.1,6,10.3,238,250,4562,77,21,Petrol,12.74,1
1.25,2,11,41,15,8174,14,-4,Petrol,48.16,1
5.1,3,11.4,195,308,5168,93,40,Petrol,8.24,1
4.1,4,11,110,131,5598,81,16,Diesel,9.75,0
4.5,3,9,256,229,6734,55,39,Petrol,10.34,1
1.06,2,9.1,35,42,7121,29,26,Petrol,51.8,1
0.6,2,9.3,50,54,5343,44,35,Petrol,52.39,1
5.5,3,8,387,236,4883,36,42,Petrol,8.47,1
3.8,4,10.9,272,440,4708,37,44,Petrol,11.55,1
5.4,3,11.6,281,200,2556,36,-2,Petrol,8.76,1
5.4,4,8.6,201,437,6654,28,2,Diesel,8.72,0
2,3,11.7,95,316,3177,45,35,Diesel,12.66,0
5.8,4,10.2,250,230,4857,38,6,Petrol,7.19,1
2.4,4,11.6,118,154,2665,91,41,Diesel,11.7,0
4.9,3,11,115,401,6503,80,43,Diesel,9.09,0
2.9,8,11.4,269,256,6582,25,5,Petrol,13.94,1
0.77,1,11.3,23,52,7713,30,3,Petrol,55.33,1
3.3,8,9.1,137,352,5993,94,-9,Diesel,11.71,0
0.7,2,10.7,21,35,5555,37,2,Petrol,57.6,1
1.03,2,10.8,57,45,6959,6,31,Petrol,52.71,1
1.47,1,9.8,32,26,10499,6,9,Petrol,51.02,1
1.3,1,10.5,28,43,8627,10,2,Petrol,46.78,1
5.5,8,8.6,81,279,6218,70,29,Diesel,11.33,0
2.6,8,12.3,176,456,2815,26,48,Petrol,14.63,1
1.05,1,10,12,14,5534,41,-2,Petrol,46,1
0.4,2,9.1,30,20,9517,12,31,Petrol,57.56,1
4.3,6,10.2,83,113,4825,31,27,Diesel,8.02,0
0.17,2,11.5,26,12,8005,35,40,Petrol,58.88,1
3.3,6,8.3,175,184,6309,23,7,Petrol,14.11,1
1.17,2,11.1,17,20,8518,16,-2,Petrol,48.87,1
0.67,2,10,45,19,9564,24,37,Petrol,59.07,1
3.1,4,9.4,218,335,3329,58,9,Petrol,12.25,1
1.39,1,10.8,10,35,10541,42,43,Petrol,44.86,1
5.2,3,8.2,214,150,2241,57,13,Petrol,11.22,1
2.5,4,11.4,317,169,5924,76,28,Petrol,9.59,1
0.2,1,9.4,41,21,10935,46,16,Petrol,56.11,1
2.1,3,12.1,101,333,5865,44,0,Diesel,14.92,0
3,8,9.9,356,163,2454,52,10,Diesel,16.64,0
0.45,1,9.4,46,43,5595,39,40,Petrol,60.55,1
0.57,2,10.1,39,53,5308,14,12,Petrol,59.83,1
4.8,6,12.8,255,317,5235,52,36,Petrol,10.69,1
1.29,1,11.4,39,28,5953,27,48,Petrol,41.62,1
0.49,2,10.1,33,43,10940,12,7,Petrol,55.71,1
0.86,2,9.9,38,12,7663,16,-9,Petrol,53.7,1
0.9,4,12.8,146,357,6377,95,5,Diesel,17.28,0
3.6,8,9,377,432,2654,26,29,Diesel,13.62,0
2.9,3,9.5,212,339,3876,89,-10,Diesel,15.53,0
5.7,6,13,306,336,3008,59,2,Petrol,6.62,1
0.28,1,9.7,13,49,9969,29,33,Petrol,61.13,1
5.4,4,8.4,81,424,4997,73,17,Petrol,8.75,1
5.1,3,8.7,295,432,4665,77,3,Petrol,9.48,1
0.98,2,9.8,50,17,8172,14,32,Petrol,47.52,1
4.9,6,11.7,330,320,5666,73,40,Petrol,8.19,1
0.43,1,11.2,18,27,9002,38,30,Petrol,50.57,1
0.93,1,10.7,54,59,10326,32,31,Petrol,48.05,1
1.03,2,9.4,36,33,8757,46,43,Petrol,45.43,1
0.31,1,11.1,47,32,6173,8,38,Petrol,58.81,1
0.46,1,12.3,49,40,8310,35,36,Petrol,50.53,1
5.9,8,10.1,167,315,6784,99,46,Petrol,8.96,1
0.74,1,10.7,53,39,8491,7,11,Petrol,53.53,1
1.06,2,12,59,58,5587,25,45,Petrol,51.28,1
0.41,2,9.6,29,24,7198,32,5,Petrol,57.04,1
3.5,4,9.5,106,432,2402,49,34,Diesel,12.41,0
0.52,2,11.7,54,53,8832,48,42,Petrol,54.06,1
2.5,6,12.7,394,154,6873,61,30,Diesel,18.63,0
5.9,4,8.3,262,191,2880,97,10,Diesel,7.51,0
4.8,8,8.4,214,168,5129,76,20,Petrol,11.75,1
0.74,1,10,59,42,10965,37,18,Petrol,52.2,1
4.9,4,12.9,177,365,2261,76,-10,Petrol,10.07,1
5.7,6,8.3,307,471,4533,73,14,Petrol,11.59,1
5.8,8,8.7,87,297,6114,84,34,Petrol,8.62,1
1.2,4,8.8,196,336,2997,74,9,Petrol,16.35,1
2.4,4,8.4,253,467,2372,96,38,Diesel,15.29,0
0.9,3,9.3,132,161,3552,88,28,Diesel,19.32,0
1.31,1,12.3,16,26,10670,40,29,Petrol,46.88,1
0.94,1,9.8,33,23,6860,22,31,Petrol,54.14,1
1.49,2,11.1,26,39,5343,15,24,Petrol,44.91,1
3.5,8,12,145,247,5392,68,34,Diesel,12.64,0
3.4,3,9.3,384,195,6198,37,37,Petrol,13.34,1
1.31,2,9.5,38,27,7475,12,43,Petrol,48.31,1
1.4,2,11.3,45,27,10157,13,48,Petrol,44.05,1
0.94,1,10.9,23,37,7205,8,28,Petrol,51.73,1
1.45,2,10.6,21,11,7765,26,20,Petrol,48.32,1
0.17,1,9.2,33,34,6158,35,1,Petrol,55.6,1
5.7,8,11.6,367,457,6681,98,19,Petrol,11,1
2.9,3,8,321,218,2709,64,47,Diesel,15.38,0
2.2,6,10,340,177,6421,69,26,Petrol,12.63,1
0.29,2,12.3,12,21,8164,21,-4,Petrol,56.47,1
0.46,1,12.1,19,48,10648,10,8,Petrol,60.35,1
0.4,1,10.3,33,47,8587,28,48,Petrol,53.84,1
0.69,1,10.6,46,49,5687,39,20,Petrol,51.67,1
0.23,2,11.6,22,36,10904,40,29,Petrol,52.79,1
0.43,1,11.2,11,22,9275,6,41,Petrol,56.37,1
3.1,4,8.7,392,326,5515,77,1,Petrol,13.4,1
4.6,3,11.5,108,112,3832,76,42,Petrol,13.08,1
0.74,2,10.4,25,54,10666,7,45,Petrol,60.1,1
0.57,2,11,16,19,8945,38,-8,Petrol,48.4,1
0.35,2,10.8,43,59,7758,43,6,Petrol,56.25,1
3.2,6,8.8,160,337,3093,57,-9,Petrol,14.11,1
0.71,2,9.1,17,46,5048,37,11,Petrol,55.29,1
5,3,9.3,343,265,3397,56,19,Diesel,6.21,0
0.47,1,10.5,53,27,5086,37,5,Petrol,55.28,1
1.3,4,8.7,225,101,4397,32,30,Diesel,18.23,0
0.71,1,9.5,29,33,10978,34,47,Petrol,52.19,1
4,4,9.1,76,146,2564,78,27,Diesel,14.34,0
5.8,3,10.3,117,450,3928,83,18,Diesel,7.58,0
5.3,4,8.9,108,359,6124,30,22,Diesel,8.47,0
0.59,2,9.1,45,20,10230,22,48,Petrol,49.92,1
1.01,2,9.4,40,37,7944,29,32,Petrol,48.28,1
2.7,4,12.1,138,364,6001,79,27,Petrol,14.46,1
5.6,8,11.2,145,263,2501,68,36,Petrol,8.66,1
3.3,4,9.8,258,445,4302,45,-3,Diesel,13.86,0
2.6,8,11.3,213,356,5727,56,-8,Diesel,11.24,0
0.21,1,11.3,47,35,10817,42,35,Petrol,51.21,1
5.7,6,9.8,166,216,5270,83,27,Petrol,9.7,1
0.17,2,12,40,59,10368,33,37,Petrol,60.34,1
0.92,2,11.4,19,38,9597,20,25,Petrol,49.32,1
1.1,3,10.9,301,192,2847,47,37,Petrol,16.83,1
3.8,8,12.1,294,172,5320,96,15,Petrol,9.14,1
1.27,1,11.5,38,14,8718,46,25,Petrol,46.09,1
0.5,2,11.4,11,34,7970,5,12,Petrol,51.56,1
1.3,3,12.1,194,413,5397,72,-9,Diesel,18.33,0
0.2,1,11.3,11,21,9757,41,9,Petrol,56.62,1
1,1,10.1,10,54,8549,45,36,Petrol,52.27,1
4.9,8,11.9,285,400,4892,84,13,Diesel,11.04,0
3.4,6,12.6,85,158,4000,73,4,Diesel,12.04,0
0.32,2,11.4,20,10,6753,8,32,Petrol,56.32,1
0.46,1,12.1,42,46,5175,19,-9,Petrol,59.16,1
5.5,3,8.8,201,375,4545,55,21,Petrol,6.63,1
0.36,2,10.1,45,34,6615,23,-10,Petrol,59.57,1
0.25,2,10.5,33,52,6132,41,42,Petrol,54.94,1
0.43,2,9.6,25,50,10009,26,-9,Petrol,55.98,1
4.3,3,11.4,172,146,3308,73,15,Petrol,13.35,1
3.8,3,12.2,118,200,6271,33,48,Diesel,12.18,0
1.06,2,9.8,56,29,6537,45,8,Petrol,50.25,1
0.73,2,10.7,23,21,10986,9,6,Petrol,53.66,1
0.24,1,10.6,52,26,10188,49,31,Petrol,54.94,1
1.1,4,9.3,254,128,4509,44,4,Petrol,19.5,1
2.4,6,12,329,181,6849,76,38,Diesel,14.12,0
4.2,3,10,131,461,2319,64,31,Diesel,12.91,0
1.37,1,9.9,57,34,5460,8,44,Petrol,46.97,1
5.6,4,10.5,305,488,2926,64,-2,Diesel,8.96,0
1.1,4,11.7,136,129,4161,95,18,Petrol,16.9,1
1.3,8,9.7,131,102,6525,87,14,Petrol,19.73,1
1.09,1,12.2,44,32,6416,6,43,Petrol,51.28,1
0.8,2,12,51,53,6353,47,14,Petrol,52.41,1
1.15,2,10.8,15,12,9492,7,15,Petrol,51.39,1
2.6,3,10,374,397,4763,85,0,Petrol,15.53,1
0.98,1,10.5,30,45,5615,48,11,Petrol,49.03,1
2.6,3,8.9,99,363,3633,76,36,Diesel,11.35,0
5.8,8,12.3,350,374,6868,94,4,Petrol,8.71,1
3.1,8,10.6,239,266,6264,52,8,Diesel,14.84,0
5.4,6,9.3,85,378,5718,45,21,Petrol,7.87,1
0.98,2,11.9,35,14,8022,17,17,Petrol,48,1
4.3,3,10.2,304,117,3777,49,15,Diesel,7.37,0
0.89,2,12.2,55,59,5677,46,13,Petrol,42.6,1
0.93,2,11.5,37,19,10904,33,47,Petrol,49.95,1
1.43,2,10.9,44,23,6301,27,37,Petrol,47.58,1
0.63,2,9.3,22,30,6417,13,4,Petrol,57.2,1
1.41,1,12.3,44,47,7178,46,45,Petrol,45.59,1
1.3,1,10.3,58,28,7370,22,28,Petrol,48.4,1
0.11,2,10.4,21,22,8368,6,26,Petrol,58.84,1
2.1,4,12.9,168,455,6234,77,35,Diesel,16.6,0
0.16,1,9.7,50,52,10839,14,38,Petrol,61.45,1
1.45,1,10.2,11,33,6238,6,27,Petrol,44.68,1
5.9,8,11.3,325,380,3460,86,43,Diesel,10.33,0
2.4,4,9.8,156,248,6856,84,10,Diesel,15.04,0
3.5,3,8.2,97,116,4686,59,47,Diesel,13.15,0
1.41,2,11.9,21,11,8319,26,12,Petrol,44.51,1
5.8,6,8.2,285,260,5677,65,26,Petrol,9.94,1
1.48,2,10.9,20,32,6400,6,29,Petrol,47.37,1
4.3,4,12.1,249,440,4908,39,27,Petrol,11.62,1
1.03,2,9.4,41,35,5453,45,46,Petrol,50.15,1
1.3,2,9.7,57,34,9920,39,1,Petrol,50.96,1
4.8,6,10.9,274,284,4434,72,9,Diesel,4.2,0
4.7,8,8.7,281,115,2331,96,34,Petrol,10.86,1
0.1,2,12.4,41,33,9975,48,-2,Petrol,60.31,1
1.36,1,11.4,58,14,9309,20,30,Petrol,46.73,1
1.17,2,11.8,27,16,9611,30,-6,Petrol,47.7,1
0.33,1,11.5,32,23,10198,37,14,Petrol,53.61,1
0.37,2,10.7,52,26,7233,18,18,Petrol,59.54,1
3.4,3,10.4,220,337,3096,52,21,Diesel,12.54,0
0.79,1,11,36,15,5994,41,23,Petrol,49.9,1
0.43,2,12.3,36,25,5444,34,38,Petrol,54.77,1
0.15,2,10.1,25,49,7045,16,24,Petrol,60.02,1
2.8,6,9.3,366,233,6055,46,9,Diesel,14.29,0
1.12,2,9.3,47,12,7003,10,28,Petrol,51.07,1
1.9,4,11.7,306,125,3144,33,47,Diesel,12.37,0
1.32,2,10.2,40,33,10086,33,31,Petrol,47.23,1
0.43,1,9.4,33,54,10822,31,14,Petrol,50.48,1
0.55,2,9.1,55,27,8108,30,-2,Petrol,57.11,1
1.1,3,8.6,304,366,5870,68,37,Petrol,15.43,1
0.94,1,11.5,28,21,8598,35,32,Petrol,54.65,1
0.86,2,9.3,11,29,9366,8,11,Petrol,49.44,1
5.7,6,11.2,159,470,6938,47,45,Petrol,9.24,1
1.3,8,8.1,271,492,5554,30,33,Diesel,16.44,0
0.86,2,9.2,23,37,5074,43,14,Petrol,54.01,1
1.5,4,12.2,257,471,6913,42,2,Diesel,18.9,0
5.4,8,8.3,78,220,6466,54,26,Petrol,6.53,1
0.74,1,10,26,52,7273,10,11,Petrol,55.64,1
0.9,8,12.4,81,336,3857,21,4,Petrol,15.52,1
0.26,1,12.4,53,39,10072,36,35,Petrol,58.7,1
0.6,2,9.3,36,27,7903,41,45,Petrol,57.62,1
1.41,1,11.4,33,10,7321,48,1,Petrol,47.73,1
1.9,3,8.4,268,261,3930,54,41,Diesel,14.17,0
0.17,1,10.7,54,17,5992,38,19,Petrol,53.24,1
0.83,2,11,35,46,9833,11,29,Petrol,50.21,1
0.25,1,11.2,59,47,8715,46,7,Petrol,54.04,1
2.6,3,10.5,299,255,3220,86,33,Diesel,13.96,0
5.2,4,11.2,392,362,2918,80,-4,Diesel,7.34,0
1.3,4,10.7,127,108,3138,60,37,Diesel,17.64,0
5.4,8,9.4,96,203,3214,87,40,Petrol,7.46,1
1,3,12.6,192,305,6847,29,8,Diesel,17.63,0
1.46,1,11.9,11,21,8893,10,32,Petrol,45.96,1
0.58,2,12.1,39,11,9808,6,18,Petrol,60.82,1
1.01,1,9.9,42,56,6259,44,34,Petrol,53.5,1
3.7,6,11.8,304,388,2509,59,21,Petrol,12.21,1
1.45,1,10.6,32,44,6777,11,4,Petrol,48.68,1
0.55,1,12,34,12,9859,28,23,Petrol,57.6,1
0.72,1,10.7,58,55,9133,12,43,Petrol,50.73,1
3.4,4,8.1,103,451,3918,36,22,Diesel,17.29,0
2.2,4,9.4,182,304,2404,77,10,Petrol,16.18,1
0.22,2,11.4,22,10,6299,12,-1,Petrol,54.11,1
1.06,2,12.1,58,58,10130,40,28,Petrol,52.77,1
0.69,1,9.3,49,10,9151,8,19,Petrol,50.91,1
1.04,2,11.2,32,13,10199,11,11,Petrol,50.51,1
3,4,11.5,127,192,2191,31,-4,Petrol,14.15,1
1.39,1,12.4,49,18,7280,38,34,Petrol,44.56,1
0.54,2,9.7,34,33,9752,6,2,Petrol,50.51,1
5,3,11.2,301,132,5347,61,1,Petrol,11.45,1
4,3,9,293,467,2664,96,44,Petrol,13.46,1
1.46,2,12.1,14,22,5667,47,14,Petrol,47.02,1
4.2,6,12.5,396,166,6157,58,26,Diesel,11.07,0
1.01,2,11.5,42,55,7384,46,1,Petrol,53.52,1
2.2,3,10.5,309,235,3531,83,48,Diesel,16.35,0
1.44,1,11.3,17,47,6573,33,30,Petrol,49.63,1
4.7,3,9,148,172,3958,61,37,Diesel,12.09,0
4.8,3,10.5,191,335,5498,54,23,Diesel,9.99,0
0.47,2,10.5,14,27,8727,12,14,Petrol,57.13,1
1.11,2,12.3,21,37,5581,24,-6,Petrol,44.23,1
2.8,4,12.8,290,145,3813,83,-3,Petrol,16.31,1
1.46,1,10.7,40,53,10153,11,47,Petrol,52.37,1
3,4,9.6,115,411,5189,80,-8,Petrol,15.48,1
1.47,2,11.4,39,26,5826,14,24,Petrol,42.08,1
1.24,1,9.2,53,36,9538,40,12,Petrol,46.8,1
1.22,2,10.9,56,43,10091,41,6,Petrol,43.37,1
1.4,8,10.6,282,139,3810,86,7,Diesel,14.88,0
1.46,1,9.4,57,27,7739,47,28,Petrol,40.21,1
1.7,6,9.4,306,237,6934,74,-10,Petrol,14.47,1
1.35,2,10.4,16,51,10328,33,19,Petrol,40.19,1
4,3,12.9,349,110,5400,31,24,Petrol,13.18,1
1.38,1,12,51,46,9006,28,5,Petrol,48.2,1
1.32,1,9.1,20,40,10247,17,20,Petrol,45.47,1
1.9,4,12,85,176,5664,40,33,Diesel,15.08,0
4.6,8,8.4,146,328,5368,94,13,Diesel,8.6,0
1.4,1,12,52,38,5358,6,8,Petrol,43.95,1
0.97,2,12.4,46,37,7502,13,14,Petrol,53.49,1
0.44,2,11.6,20,42,10452,41,9,Petrol,59.24,1
0.51,2,9.9,50,23,5798,31,6,Petrol,51.92,1
3.8,4,8.8,233,105,6595,40,2,Petrol,11.29,1
1.02,2,10.2,35,48,7208,18,45,Petrol,51.18,1
2.2,3,9.9,344,452,3102,93,7,Diesel,16.05,0
0.71,2,10.2,22,42,9825,17,16,Petrol,49.67,1
4.4,6,11.1,163,147,6798,97,1,Diesel,10.24,0
0.45,1,12.2,26,49,7224,25,46,Petrol,47.73,1
2.1,4,12.1,285,142,4934,42,16,Petrol,19.92,1
4.8,3,9.2,203,420,4437,69,11,Petrol,12.33,1
3,4,9,285,275,4917,89,43,Diesel,17.48,0
1.19,2,11.7,55,45,6977,16,27,Petrol,49.69,1
4.4,8,10.1,121,386,5217,60,47,Petrol,14.87,1
0.2,1,10.6,40,50,8849,6,27,Petrol,59.54,1
4.4,8,8.5,272,370,6723,29,27,Petrol,8.45,1
4.4,3,12.3,140,498,5985,21,29,Diesel,12.47,0
0.31,2,9.2,14,20,6088,38,45,Petrol,64.57,1
0.72,2,10.2,29,32,7196,28,-7,Petrol,56.37,1
0.31,2,9.5,42,33,10389,40,-6,Petrol,54.44,1
1,6,12.2,380,307,5788,43,43,Petrol,20.58,1
4.2,4,9.2,232,398,3564,56,6,Petrol,16.78,1
0.9,6,9.9,354,486,3161,78,31,Diesel,19.55,0
1.22,2,11,41,35,8442,5,45,Petrol,44.56,1
0.95,2,10.3,26,39,9471,43,-4,Petrol,46.01,1
0.74,1,11.9,18,29,10684,23,25,Petrol,49.85,1
2,6,9.7,174,249,2145,95,31,Diesel,15.49,0
1.3,6,10.2,76,371,6992,56,28,Diesel,19.56,0
1.26,2,10.5,26,35,7261,12,22,Petrol,47.15,1
0.8,8,8.1,271,231,6132,23,2,Diesel,20.7,0
5.7,3,8,263,275,4592,77,8,Petrol,9.75,1
5.2,4,11.7,111,184,4440,79,36,Diesel,11.99,0
6,4,10,174,419,5286,90,45,Petrol,8.51,1
6,8,9.4,374,324,4747,89,26,Petrol,10.39,1
2.3,6,12,83,263,4804,98,-3,Diesel,13.91,0
1.32,1,11.2,31,21,8023,44,27,Petrol,45.81,1
1.13,2,10.6,27,19,6129,43,7,Petrol,53.23,1
0.94,1,10,29,19,7152,38,49,Petrol,44.2,1
5.3,4,10.8,300,416,3289,73,9,Petrol,6.14,1
3.2,6,9.4,292,122,4668,36,38,Diesel,11.79,0
0.24,2,11,37,51,10087,39,48,Petrol,59.33,1
1.44,2,11.9,22,59,7756,10,19,Petrol,47.17,1
0.18,2,11.3,57,18,8364,5,-7,Petrol,60.39,1
3.9,4,12,359,142,5349,89,39,Petrol,12.32,1
1.24,2,9.7,51,25,8787,5,42,Petrol,49.89,1
0.64,1,10.1,19,55,10444,23,36,Petrol,52.24,1
0.25,1,11.3,52,29,6939,25,7,Petrol,56.43,1
3.1,3,11,265,189,3903,36,8,Diesel,11.2,0
1.19,2,9.1,38,20,9047,34,14,Petrol,48.82,1
0.2,2,12.2,28,40,10657,46,30,Petrol,60.2,1
1.8,8,11.6,286,421,3729,35,-2,Petrol,16.41,1
1.2,6,11.1,251,414,6392,85,27,Diesel,18.78,0
1.8,8,11.8,225,204,3728,93,44,Diesel,18.72,0
0.11,1,12.3,21,54,7511,39,-9,Petrol,59.25,1
4.2,3,10.6,354,373,3293,53,38,Diesel,8.69,0
0.38,2,9.1,40,12,6259,26,6,Petrol,54.94,1
2.2,3,12,78,289,3885,40,1,Diesel,14.2,0
1.7,8,9.9,224,271,6007,66,19,Diesel,14.69,0
1.41,1,9.2,30,29,9300,13,-7,Petrol,49.91,1
0.99,2,10.1,22,48,7873,23,13,Petrol,53.12,1
1.43,1,10.7,37,11,8849,26,2,Petrol,46.58,1
4.3,3,8.2,102,251,3469,32,48,Diesel,11.9,0
5.9,6,12,278,323,2042,27,41,Petrol,9.44,1
4.3,6,11.5,118,406,3312,49,48,Petrol,7.14,1
1.41,2,12,37,32,6741,34,22,Petrol,45.09,1
0.26,2,9.3,47,55,9023,48,0,Petrol,60.73,1
1.7,8,9.9,121,187,3336,85,11,Diesel,18.07,0
1.27,1,11.9,32,14,8126,29,-3,Petrol,47.49,1
0.32,2,9.1,24,10,7709,7,27,Petrol,53.64,1
4.5,3,12.1,390,318,6890,94,38,Petrol,6.47,1
2.7,6,11.5,340,210,4916,95,19,Petrol,13.26,1
5,8,9.4,199,122,4326,35,-2,Diesel,8.44,0
1.36,2,9.3,26,47,8683,5,7,Petrol,45.92,1
1,6,12.9,221,342,5711,29,25,Petrol,23,1
0.92,2,11.1,53,20,10821,22,19,Petrol,55.89,1
4.3,8,11.9,350,110,6221,69,14,Petrol,6.77,1
1.06,2,11.7,23,10,6232,29,48,Petrol,49.63,1
5.6,8,10.4,187,193,2288,21,3,Petrol,10.9,1
3.7,3,10,276,445,4990,63,5,Diesel,11.71,0
0.94,2,9.1,43,11,6306,14,24,Petrol,51.61,1
0.83,2,9,32,13,5909,46,18,Petrol,52.59,1
0.99,1,10.9,26,48,6215,36,41,Petrol,46.28,1
0.71,2,10.7,28,33,10868,28,0,Petrol,48.34,1
0.22,2,9.3,37,10,8088,35,33,Petrol,60.64,1
2.4,3,9.6,279,393,6838,89,29,Diesel,14.91,0
4.3,4,10.6,322,394,3181,56,44,Diesel,7.45,0
1.3,8,11.4,282,407,6196,75,1,Diesel,18.72,0
5.5,3,8.6,369,317,3245,52,5,Diesel,12.53,0
1.2,6,10.4,396,341,2029,42,21,Petrol,19.32,1
4.2,3,10.4,249,389,5960,54,4,Diesel,13.08,0
1.16,2,9.8,54,30,5352,36,41,Petrol,44.76,1
0.49,2,11.9,24,23,5106,19,-5,Petrol,57.27,1
0.54,1,11,43,47,6561,22,17,Petrol,45.91,1
4,4,11.1,256,297,3613,77,13,Diesel,11.96,0
1.37,1,11.9,28,30,6754,23,13,Petrol,47.05,1
4.8,8,9.1,342,167,5052,80,48,Diesel,10.38,0
1.18,1,9.8,40,12,8182,6,46,Petrol,46.89,1
5.6,8,8.6,215,281,6352,80,37,Diesel,7.54,0
1.24,2,10.9,50,46,5270,12,27,Petrol,47.15,1
0.29,2,10.8,23,58,8240,23,19,Petrol,58.63,1
0.79,2,10.5,28,40,10811,43,13,Petrol,51.29,1
1.4,6,8.5,396,146,2760,98,35,Diesel,17.59,0
0.71,2,10.9,35,31,10340,13,31,Petrol,52.41,1
3.1,4,8.2,398,286,4107,22,43,Diesel,13.75,0
5.3,4,11.3,71,123,3741,83,37,Diesel,9.57,0
2.3,8,8.2,160,266,5006,98,15,Diesel,13.33,0
1.7,8,9.6,318,356,3901,30,-1,Diesel,13.69,0
1.47,2,12.4,30,22,5138,15,-5,Petrol,43.44,1
5,6,10,283,155,6900,66,16,Diesel,9.36,0
0.6,1,10.1,45,41,9321,11,31,Petrol,46.78,1
3,8,12.4,129,496,2256,84,36,Petrol,13.18,1
0.25,2,12.1,46,50,9664,12,38,Petrol,57.94,1
1.43,2,11.9,14,33,7047,10,14,Petrol,46.25,1
3.9,3,12.5,216,415,4460,69,-9,Petrol,11.08,1
5,8,11.2,130,372,3584,95,49,Petrol,11.93,1
1,3,12.8,340,435,2246,39,27,Diesel,16.65,0
4.3,8,12.9,149,193,6833,84,13,Petrol,8.28,1
1.08,2,9.2,36,31,7108,35,16,Petrol,57.7,1
0.24,1,11,41,50,9332,39,42,Petrol,57.69,1
1.26,1,10.2,26,54,8810,45,27,Petrol,43.93,1
0.76,2,11.5,36,46,6648,39,-7,Petrol,53.07,1
0.35,1,11.5,37,10,8499,40,32,Petrol,54.91,1
5.2,6,10.4,235,184,2458,80,5,Diesel,10.18,0
4.1,3,8.5,239,304,3848,86,19,Diesel,13.15,0
2.9,4,10.9,123,203,4620,21,39,Diesel,11.26,0
1.35,2,9.1,16,40,9092,18,17,Petrol,48.92,1
4.6,3,12.1,192,233,3642,68,-2,Diesel,11.17,0
0.9,1,10.4,14,52,5995,40,-8,Petrol,49.74,1
1.46,2,9.6,26,48,6113,8,44,Petrol,46.14,1
0.53,2,11.4,52,12,6648,48,21,Petrol,48.07,1
1.1,1,9.7,14,13,10625,32,42,Petrol,49.53,1
3.5,4,11.7,143,274,3001,75,12,Diesel,10.69,0
2.3,3,10.3,255,158,4539,20,-8,Petrol,17.68,1
0.11,2,9.1,38,35,9483,18,39,Petrol,59.09,1
4.2,3,9.7,302,250,2451,40,26,Petrol,11.79,1
3.1,6,9.3,157,366,4588,79,-8,Petrol,11.77,1
2.9,3,9.1,216,273,6016,41,3,Petrol,13.29,1
5.5,6,10.8,124,406,4917,58,22,Petrol,9.22,1
0.51,1,10.2,40,25,10080,37,2,Petrol,54.24,1
0.23,1,9.2,58,37,9562,27,34,Petrol,57.76,1
2.9,8,11.4,317,168,2066,80,49,Diesel,12.41,0
2.2,3,9.1,378,362,5012,91,4,Diesel,16.65,0
0.86,2,11.9,42,14,6505,30,-10,Petrol,46.14,1
0.95,2,12.3,29,25,5916,49,44,Petrol,47.92,1
1.45,2,11.7,27,40,6523,46,1,Petrol,47.9,1
0.55,1,11.5,51,25,6495,18,-8,Petrol,56.6,1
1.11,2,10,18,22,5897,11,37,Petrol,48.9,1
1.28,2,11.5,48,29,6095,46,26,Petrol,42.57,1
2.8,6,9,327,374,3773,39,31,Diesel,11.25,0
1.42,1,11.1,32,27,10273,40,-3,Petrol,45.06,1
0.84,2,9.9,42,36,9268,8,11,Petrol,55.37,1
0.9,8,11.2,140,388,3054,74,1,Diesel,18.78,0
0.58,2,11.9,47,31,8553,23,41,Petrol,50.71,1
1.14,1,9,13,36,8931,47,5,Petrol,49.02,1
0.98,2,11.6,28,30,10397,13,-2,Petrol,50.48,1
1.05,2,10.5,27,42,10632,16,-5,Petrol,46.39,1
1.42,2,9.2,25,27,9784,22,-10,Petrol,48.62,1
0.35,2,11,42,56,6169,43,5,Petrol,52.83,1
4.8,8,12.4,204,433,6842,72,37,Diesel,9.97,0
2.1,6,10.2,213,175,2656,83,16,Diesel,17.47,0
3.1,3,12.3,330,367,3762,52,46,Petrol,11.72,1
0.3,2,10.4,38,48,10731,49,6,Petrol,61.43,1
0.84,1,12.1,14,23,8094,43,19,Petrol,54.44,1
5.9,4,8.2,252,227,6412,68,-2,Diesel,8.47,0
4.4,3,11.9,247,344,6218,62,2,Diesel,12.22,0
1.8,4,8.6,164,224,2253,26,12,Petrol,17.43,1
0.97,1,11.7,26,39,8333,29,8,Petrol,54.43,1
1.32,2,10.2,22,41,6004,12,32,Petrol,49.86,1
1.48,1,10.8,19,40,8424,33,-6,Petrol,45.35,1
4,8,10.4,99,458,2849,94,32,Petrol,13.44,1
2.4,4,9.5,399,319,6354,55,32,Diesel,15.57,0
0.68,1,11.4,45,42,7131,17,22,Petrol,54.56,1
0.24,2,9.1,32,23,8523,43,41,Petrol,56.54,1
0.23,2,10.1,55,19,5623,35,26,Petrol,57.66,1
1.6,3,11.5,258,432,6018,69,49,Petrol,17.6,1
1.5,4,8.5,144,308,3211,27,11,Diesel,17.49,0
1.5,8,8,164,425,5540,78,8,Petrol,15.82,1
0.95,2,9.6,35,40,5178,36,39,Petrol,51.19,1
0.94,1,9.6,53,11,5809,5,25,Petrol,52.04,1
0.28,2,10.5,42,51,6340,26,14,Petrol,54.58,1
1.33,1,12.1,25,24,7503,17,44,Petrol,46.76,1
4.9,3,12.2,338,402,6182,81,43,Diesel,10.93,0
4.5,8,9.2,117,104,2761,54,44,Petrol,12.41,1
1.15,2,10.5,19,11,9805,12,25,Petrol,52.53,1
1.33,1,9,49,16,6709,27,8,Petrol,46.7,1
1.05,2,10.4,42,13,8305,7,16,Petrol,53.05,1
4.6,4,8,139,412,5435,35,13,Diesel,14.74,0
2.5,8,9.9,228,447,2797,37,33,Petrol,13.93,1
1.28,1,9.8,48,58,10947,22,22,Petrol,40.77,1
0.92,2,11.2,48,52,10226,36,7,Petrol,48.91,1
2.8,3,10.1,123,344,4018,95,24,Diesel,13.88,0
0.65,2,10.4,29,59,9995,42,42,Petrol,49.6,1
1.6,8,10.3,298,185,4367,36,3,Petrol,13.9,1
1.12,1,9.5,56,22,8967,20,7,Petrol,47.33,1
0.27,1,9,39,51,5232,11,4,Petrol,57.44,1
0.29,2,11,22,49,10992,47,32,Petrol,60.87,1
0.67,2,10,51,53,5731,36,33,Petrol,51.64,1
2.7,4,8,333,163,4538,26,30,Petrol,12.41,1
0.56,1,11.1,24,55,7415,26,-7,Petrol,50.32,1
1.15,2,9.3,33,37,9578,35,2,Petrol,43.09,1
1.25,1,9.7,52,27,9975,45,16,Petrol,46.7,1
3.4,3,12.2,90,407,2306,74,12,Petrol,15.94,1
5,6,8.2,312,448,3432,66,5,Petrol,9.56,1
0.85,2,9.2,10,58,10215,13,18,Petrol,54.41,1
0.73,1,10.7,38,47,6504,11,1,Petrol,49.27,1
0.99,1,9.4,56,49,8552,24,3,Petrol,46.7,1
1.12,1,10.1,24,15,5672,23,2,Petrol,43.39,1
0.77,1,10.3,19,50,9008,21,38,Petrol,55.58,1
1.37,1,12.4,53,55,10065,23,18,Petrol,43.23,1
1.2,8,11.5,107,230,6350,99,-9,Petrol,16.64,1
5.4,4,13,240,349,2189,90,25,Diesel,7.65,0
0.76,1,11.1,14,38,9605,34,18,Petrol,51.24,1
3,6,12.5,291,214,6020,49,-8,Diesel,14.07,0
1.6,8,12.6,366,461,4636,98,43,Petrol,18.62,1
0.38,2,9.7,36,36,5007,36,9,Petrol,50.13,1
1.27,2,10,17,38,6118,45,19,Petrol,46.71,1
0.42,1,10,11,59,7529,7,5,Petrol,53.16,1
1.09,1,11.6,27,51,10770,33,6,Petrol,46.04,1
5.6,3,10.8,373,375,2922,21,46,Diesel,10.63,0
0.66,1,10.8,17,11,7949,35,43,Petrol,54.79,1
3.2,8,12.5,271,378,3666,51,9,Diesel,11.29,0
4.7,3,9.1,130,224,5947,82,10,Petrol,15.12,1
1.3,4,9.4,79,111,6544,83,47,Diesel,15.55,0
4.5,3,8.2,145,478,3525,44,46,Diesel,10.77,0
1.44,1,11.4,22,37,7048,10,-3,Petrol,45.25,1
0.87,2,11.2,13,56,7810,25,26,Petrol,46.55,1
0.31,2,9,16,58,7575,21,9,Petrol,51.7,1
0.68,2,11.6,32,50,9053,38,49,Petrol,58.9,1
0.92,2,10.3,38,32,7576,13,39,Petrol,51.74,1
1.03,2,12.3,40,15,5073,20,-7,Petrol,47.67,1
0.44,2,10.3,38,15,9505,15,13,Petrol,54.83,1
3.8,6,12.1,319,431,3421,91,32,Diesel,9.73,0
5,3,11,184,412,2227,85,15,Petrol,10,1
0.53,2,12.4,26,55,5277,8,8,Petrol,59.4,1
1.14,2,10.1,28,25,9504,22,12,Petrol,45.96,1
1.02,2,10,41,39,5428,30,46,Petrol,50.69,1
5.3,6,9.2,273,357,6541,88,41,Diesel,8.52,0
2.9,8,12.8,219,237,3660,80,40,Diesel,14.56,0
0.15,2,10.9,14,15,10559,29,48,Petrol,62.41,1
0.24,2,12.3,44,19,10153,40,-5,Petrol,58.01,1
0.66,2,11.7,28,43,8166,45,6,Petrol,48.96,1
0.17,2,11.4,44,38,5442,5,-7,Petrol,54.28,1
4.2,3,9,380,218,4939,76,-5,Diesel,10.8,0
0.8,8,9.1,381,367,5488,90,6,Diesel,19.84,0
1.41,1,10.8,19,40,10435,10,6,Petrol,43.78,1
2,3,9.8,269,315,5487,99,0,Diesel,16.73,0
4.4,6,8,358,117,3188,32,-1,Diesel,8.78,0
1.5,8,8.3,103,458,5711,26,45,Petrol,18.62,1
1.4,1,12.1,21,26,10935,24,15,Petrol,40.51,1
0.51,2,11.6,43,16,9460,39,4,Petrol,56.75,1
0.59,2,10.9,51,24,9181,10,41,Petrol,53.42,1
4.9,8,11,323,451,2799,72,48,Petrol,7.39,1
1.37,1,9.4,31,27,6250,21,39,Petrol,41.07,1
1.04,1,9.8,46,12,5802,27,49,Petrol,46.84,1
1.22,2,11.5,45,42,8007,30,37,Petrol,51.61,1
0.22,2,9.6,21,57,7667,23,-1,Petrol,59.27,1
4.2,6,9.8,373,332,5955,73,47,Petrol,12.78,1
4.7,3,10.5,164,372,4696,53,34,Diesel,15.68,0
2,8,8.1,88,330,4693,30,1,Diesel,16.57,0
5.5,4,10.2,89,149,2675,88,26,Diesel,10.33,0
1.18,2,11.9,44,49,10297,45,34,Petrol,46.14,1
1.09,2,9.8,21,10,8883,26,27,Petrol,51.56,1
6,8,11.8,184,294,2342,61,48,Petrol,4.89,1
2.4,3,12.3,127,162,6442,71,28,Petrol,18.33,1
0.36,2,10.2,18,55,7980,34,42,Petrol,55.98,1
5.5,4,12.3,131,353,3900,61,39,Diesel,9.24,0
2.9,3,9.4,86,469,4265,67,33,Petrol,15.24,1
1.27,1,10.7,26,21,5837,23,32,Petrol,47.08,1
1.35,2,10.6,34,33,10592,20,41,Petrol,49.44,1
5.8,8,12.3,140,313,5506,84,18,Petrol,11.05,1
0.71,2,10.4,24,27,9194,34,23,Petrol,51.39,1
0.91,2,10.5,27,22,6068,28,40,Petrol,49.08,1
1.1,4,12.1,161,121,4219,83,2,Diesel,16.18,0
4,3,8.4,88,182,4787,28,37,Diesel,12.38,0
4.5,4,10.9,290,403,5774,88,42,Diesel,12.72,0
5.2,6,9.8,226,233,3414,56,42,Petrol,8.7,1
0.19,2,9,10,13,5754,48,36,Petrol,60.3,1
5.8,4,12.4,77,355,2874,99,30,Diesel,9.93,0
0.31,2,11,23,41,10573,40,29,Petrol,54.62,1
0.38,1,11.1,17,34,7079,28,17,Petrol,55.02,1
2.1,6,10.3,197,354,5795,98,16,Diesel,16.99,0
3,8,8.9,294,241,5719,67,3,Diesel,11.73,0
0.44,2,10,24,33,6406,17,-2,Petrol,56.27,1
0.38,2,12,25,17,9310,49,20,Petrol,57.35,1
1.16,1,10.9,23,39,9404,43,16,Petrol,49.66,1
1.3,6,8.1,341,111,5676,41,22,Diesel,17.6,0
4.9,3,8.8,98,400,2076,28,13,Diesel,10.52,0
4.8,4,8.5,145,263,4419,80,29,Petrol,11.02,1
5.5,8,12.7,224,356,3779,53,-7,Petrol,6.83,1
0.9,4,12.3,376,434,3118,73,5,Diesel,17.76,0
5.9,3,8.8,256,361,2924,36,42,Diesel,8.78,0
5.6,3,12.4,208,426,3193,58,-6,Diesel,8.63,0
0.31,2,10.4,30,27,10218,24,4,Petrol,56.41,1
3,3,8.8,203,125,3513,27,-2,Diesel,16.37,0
0.84,2,10.4,30,49,10144,43,4,Petrol,51.72,1
4.9,6,10.7,161,416,6493,87,42,Diesel,9.51,0
0.76,1,12.1,33,29,8869,28,32,Petrol,47.29,1
1.24,2,11.8,32,21,10340,48,37,Petrol,50.55,1
5.6,6,8.5,118,376,4318,33,31,Diesel,7.86,0
3.9,8,11.9,162,204,2308,71,-2,Petrol,12.59,1
4.2,4,12.4,112,234,5956,61,-7,Diesel,11.36,0
2.2,3,10,324,101,6337,40,-5,Diesel,17.44,0
4.3,4,8.9,281,255,6689,22,-2,Diesel,10.68,0
1.19,1,11.8,24,56,9354,23,17,Petrol,49.01,1
0.11,2,10.4,40,54,6978,49,48,Petrol,55.17,1
0.1,2,10.7,35,32,8337,12,33,Petrol,53.9,1
3.3,3,11.2,174,283,2329,39,30,Diesel,15.05,0
1.49,1,9.4,23,17,7533,16,15,Petrol,44.61,1
0.24,2,9.1,10,52,5219,7,40,Petrol,60.77,1
5,6,9.7,300,374,2245,41,18,Diesel,10.86,0
1,4,10,360,206,5199,86,8,Diesel,22.5,0
3.9,3,12.1,293,200,4179,32,-2,Diesel,10.38,0
3.6,6,10.2,362,403,3734,20,49,Petrol,16.28,1
1.18,1,12.4,53,23,6816,8,41,Petrol,45.02,1
0.38,1,9.5,54,11,6058,23,-5,Petrol,55.92,1
0.19,2,9.8,56,13,6334,6,-8,Petrol,58.19,1
0.18,1,10.1,19,28,8227,21,17,Petrol,60.68,1
6,4,12.9,375,127,4514,23,11,Diesel,7.59,0
0.22,2,9.8,43,42,8371,46,29,Petrol,56.01,1
1.38,2,10.5,26,37,7280,14,11,Petrol,45.69,1
2.5,6,9.2,283,207,2972,83,4,Diesel,12.83,0
4.1,4,10.5,319,147,2116,38,-3,Petrol,13.12,1
1.1,4,8.2,234,467,5928,55,6,Diesel,20.11,0
1.12,1,12.3,53,21,5818,28,13,Petrol,51.96,1
1.02,1,10.5,36,17,7633,12,9,Petrol,50.36,1
2.8,3,8.4,77,112,2724,54,12,Petrol,14.31,1
2.3,4,9.2,130,214,2459,83,46,Petrol,12.91,1
0.45,2,9.6,36,19,10698,40,27,Petrol,56.85,1
0.56,1,9.7,57,48,9654,34,10,Petrol,52.55,1
2.1,4,11,326,264,6684,65,-2,Diesel,17.33,0
0.34,2,9.9,48,31,9799,10,42,Petrol,54.3,1
2.2,4,11.9,291,151,4163,45,42,Diesel,14.97,0
4.2,8,10.8,348,216,4665,54,20,Petrol,12.11,1
5.5,6,8.3,319,323,3279,71,9,Diesel,7.74,0
0.66,2,9.5,56,27,6536,33,18,Petrol,51.05,1
0.77,1,12.5,55,17,7135,24,43,Petrol,54.86,1
0.41,1,10.8,43,25,8884,11,5,Petrol,51.44,1
1.2,4,11.8,76,259,6335,86,28,Petrol,19.34,1
0.22,1,12.5,57,33,8175,27,43,Petrol,57.07,1
0.64,1,10.9,33,42,6332,16,45,Petrol,50.43,1
1.11,1,10.8,54,48,10055,17,42,Petrol,50.73,1
2.6,3,9.5,194,124,4753,37,-6,Petrol,16.08,1
5.7,4,11.3,190,131,6756,29,26,Diesel,7.7,0
1.5,3,12.6,115,491,3142,56,8,Petrol,23.83,1
4,3,8.5,163,350,6889,65,43,Diesel,13.11,0
5.1,3,9,97,480,2156,37,24,Diesel,11.41,0
4.5,8,9.1,183,488,5914,78,0,Diesel,10.45,0
2.7,6,9.1,182,208,6457,52,22,Diesel,13.26,0
0.55,1,11.8,47,15,7667,29,4,Petrol,50.83,1
2.9,6,8.9,125,131,2883,28,30,Diesel,13.42,0
1.1,3,12.7,90,410,5709,23,9,Diesel,18.81,0
5.3,8,11.4,209,140,2281,69,-9,Petrol,5,1
1.8,4,8.1,203,333,5711,80,21,Diesel,19.39,0
1.4,4,12.3,384,392,4072,35,46,Diesel,18.52,0
0.32,1,11.1,32,23,6669,29,12,Petrol,54.4,1
0.69,2,11.5,15,47,10425,44,-3,Petrol,52.22,1
5.4,4,9.9,103,335,6558,79,46,Petrol,10.73,1
1.19,2,12.3,37,29,10088,20,18,Petrol,46.86,1
1.7,4,11.8,235,392,5580,87,23,Petrol,18.54,1
0.95,1,12,24,40,6642,29,14,Petrol,51.7,1
1.03,2,11.1,57,47,7922,27,38,Petrol,52.6,1
0.65,2,9.9,42,50,9707,26,2,Petrol,58.31,1
1,1,10.2,52,18,5216,20,-1,Petrol,49.22,1
4.4,4,9.9,241,195,6913,36,24,Diesel,11.26,0
2.1,6,9,201,442,6879,82,1,Diesel,17.81,0
0.17,2,9.1,21,58,9641,10,6,Petrol,52.26,1
0.84,2,10.4,18,14,7208,42,45,Petrol,49.5,1
0.17,2,9.9,36,15,10637,37,19,Petrol,57.63,1
1,4,11.3,120,150,3499,87,9,Diesel,20.78,0
2.7,4,8.6,268,277,2947,45,15,Petrol,14.67,1
0.61,1,11.9,29,51,6841,20,43,Petrol,55.32,1
1.9,3,8.7,333,248,2789,37,-9,Petrol,17.59,1
0.68,2,11.3,35,30,6885,32,25,Petrol,51.17,1
5.2,6,13,212,180,4804,37,21,Diesel,8.93,0
0.42,2,9.8,32,44,5806,19,42,Petrol,57.59,1
1.13,1,9.6,15,11,10621,17,33,Petrol,51.01,1
0.14,2,9.5,43,26,10594,33,26,Petrol,59.52,1
1.27,1,11.5,21,32,10838,37,46,Petrol,45.05,1
4.5,4,11.7,296,292,2825,24,46,Diesel,11.54,0
0.42,1,11.1,27,30,8465,28,29,Petrol,55.63,1
3.5,6,12.4,257,156,5322,42,11,Diesel,15.37,0
4.9,3,9.6,367,250,5909,99,-9,Diesel,6.42,0
5.6,4,12,395,168,3656,79,44,Petrol,10.66,1
2,4,8.2,373,443,6395,38,48,Petrol,17.25,1
1.41,2,12,11,39,6392,43,34,Petrol,47.78,1
4.4,3,12.7,278,116,4115,24,49,Diesel,14.44,0
0.83,2,9.9,55,37,9192,47,15,Petrol,56.05,1
2.7,8,12.7,271,349,4921,88,-1,Diesel,14.35,0
3.5,8,11.7,164,460,3252,21,-9,Petrol,11.8,1
0.99,1,11.9,13,54,8914,46,36,Petrol,51.73,1
3.9,6,11.3,362,261,4449,97,8,Petrol,9.95,1
0.8,2,10,52,17,5364,40,-4,Petrol,50,1
0.71,2,9.1,52,26,7276,24,-8,Petrol,59.65,1
5.7,8,8,72,292,3438,45,6,Diesel,10.9,0
4.3,4,10.3,189,214,6620,88,30,Diesel,12.84,0
1.42,1,10.6,23,57,5717,7,38,Petrol,51.26,1
0.21,2,10.8,31,28,10579,9,-1,Petrol,56.93,1
2.5,3,10.7,395,267,6716,63,31,Petrol,14.87,1
3.9,6,10.7,381,281,2658,62,1,Petrol,6.7,1
0.46,1,9.4,12,12,9179,32,12,Petrol,58.73,1
0.74,2,11.6,52,49,5133,24,0,Petrol,50.1,1
0.68,2,9.1,31,44,6237,32,10,Petrol,52.12,1
0.43,1,10.6,55,46,8815,27,20,Petrol,54.83,1
1.23,2,11.7,47,28,8610,29,29,Petrol,48.86,1
1.5,3,10.3,84,358,2975,36,8,Diesel,14.9,0
0.3,2,10,35,17,9486,20,44,Petrol,54.08,1
0.21,1,11.8,13,45,8319,21,36,Petrol,61.83,1
5,4,12.7,302,135,4460,97,-7,Petrol,10.11,1
5.1,3,10,297,213,3197,52,10,Petrol,13.67,1
4.1,6,8.1,136,403,6579,52,25,Petrol,10.53,1
1.21,2,9.9,36,17,10220,36,15,Petrol,51.03,1
2.9,3,9.3,362,393,6905,71,13,Petrol,14.16,1
0.24,1,11.8,26,17,10562,49,16,Petrol,59.55,1
0.8,1,12.5,12,36,6141,21,5,Petrol,47.8,1
1.16,1,9.7,23,47,9071,19,36,Petrol,50.72,1
3.6,4,8.7,298,488,2220,79,42,Petrol,12.33,1
3.9,6,11.5,201,155,4012,78,14,Petrol,7.56,1
0.45,2,11.1,41,10,5056,20,40,Petrol,53.84,1
0.26,1,10.2,10,35,8227,13,49,Petrol,53.69,1
4.6,4,8.9,280,124,4853,43,13,Diesel,11.46,0
2.3,6,10.5,135,497,4612,51,31,Diesel,18.21,0
0.37,1,9.2,22,21,7567,19,15,Petrol,57.52,1
3.7,3,11.3,279,336,3891,82,38,Diesel,14.19,0
1,8,12.4,136,237,3777,90,10,Diesel,20.99,0
1.43,2,12.5,32,36,6237,43,46,Petrol,46.4,1
0.28,2,10.8,28,51,8842,31,-8,Petrol,61.9,1
0.88,1,10.1,19,58,7517,34,38,Petrol,46.98,1
3.4,6,8.8,89,468,5049,26,18,Petrol,13.52,1
1.36,1,11.2,11,25,5605,42,-5,Petrol,48.82,1
0.87,1,11,58,22,5413,29,10,Petrol,51.4,1
6,4,11.1,383,375,3953,24,7,Diesel,7.57,0
4.2,6,13,362,439,2303,73,37,Diesel,12.84,0
3.2,3,9.9,260,433,4326,32,36,Petrol,16.12,1
0.29,1,9.5,45,17,10287,26,11,Petrol,63.21,1
3.1,6,9.8,322,159,5092,52,20,Diesel,14.24,0
3.1,6,10.2,201,108,2029,64,-7,Petrol,12.64,1
2.3,8,12.2,85,121,3607,67,22,Diesel,14.68,0
0.25,2,9.4,33,37,6289,13,2,Petrol,59.37,1
4.7,3,8.5,307,298,4063,72,29,Diesel,7.81,0
1.09,2,9.6,37,14,8504,43,27,Petrol,51.93,1
0.7,2,12.3,30,49,10882,22,43,Petrol,55.26,1
2.8,6,10.3,76,177,2613,86,26,Diesel,14.6,0
0.19,1,12.4,57,27,6744,21,0,Petrol,60.22,1
2.2,6,9.1,185,368,3451,66,28,Diesel,13.05,0
5.1,4,9.4,287,447,3612,95,33,Diesel,9.43,0
5.2,6,10.1,144,428,6685,28,28,Diesel,10.78,0
1.2,8,8.3,233,474,5291,63,7,Petrol,17.37,1
3,8,10.3,365,118,3070,84,-8,Diesel,13,0
2.6,8,9.5,135,104,5164,61,9,Petrol,18.66,1
0.92,2,11.9,17,58,7206,16,10,Petrol,50.94,1
4.2,4,11.5,358,455,2679,84,48,Petrol,13.12,1
1.6,6,9,241,371,3385,37,36,Petrol,16.03,1
4.7,8,8.3,255,161,3620,99,-5,Petrol,10.08,1
1.2,3,10.6,137,377,2407,59,34,Diesel,15.32,0
0.81,2,9.4,57,27,9944,42,34,Petrol,56.34,1
2,3,10.5,375,487,2633,58,47,Petrol,16.21,1
1.3,1,10.6,37,52,8098,5,23,Petrol,48.26,1
1.41,1,11.5,48,30,7653,17,26,Petrol,48.32,1
2.8,4,9.7,245,436,4426,87,34,Petrol,12.15,1
1.38,1,10,14,12,6740,46,8,Petrol,49.3,1
5,3,12,86,395,2961,63,12,Petrol,13.01,1
4.9,3,10.7,332,320,5424,27,1,Petrol,8.04,1
0.45,2,9.8,33,35,9841,43,47,Petrol,55.06,1
2.9,3,12.4,302,315,6592,97,31,Diesel,14.75,0
1,3,9.1,385,192,6549,96,48,Petrol,17.33,1
3.8,4,12.7,352,170,5678,42,2,Petrol,10.16,1
0.13,2,10.1,29,22,10122,30,15,Petrol,55.71,1
2.8,6,12.2,310,134,3218,32,36,Diesel,12.28,0
5.2,3,10.1,72,278,5747,70,32,Diesel,6.98,0
1.8,4,10.5,211,185,2045,95,38,Petrol,15.51,1
1.31,2,10.7,55,27,10717,13,6,Petrol,44.38,1
3.3,3,10.5,376,135,5427,44,0,Diesel,11.92,0
4.9,4,8.7,399,149,2772,91,35,Diesel,9.26,0
3.7,8,10.9,213,159,3803,94,-8,Petrol,10.66,1
5.2,8,9.6,298,489,4322,37,5,Diesel,11.66,0
0.11,2,9.1,53,40,5216,20,31,Petrol,54.67,1
2.6,4,11.4,274,460,6427,56,39,Diesel,14.76,0
4.8,3,9.1,273,417,4304,36,5,Petrol,8.44,1
4.1,4,12.7,128,474,2392,31,44,Diesel,12.95,0
4.8,3,12.9,141,212,5178,53,46,Petrol,7.94,1
0.36,1,11.4,16,40,6421,43,49,Petrol,61.31,1
2.7,8,10,383,208,4395,69,9,Petrol,11.74,1
4.2,3,11.2,357,356,5064,28,9,Diesel,10.91,0
0.47,2,10.8,47,10,6019,9,24,Petrol,55.34,1
5.6,6,11.9,291,251,2643,97,14,Petrol,11.64,1
1.13,2,11.2,13,59,10674,40,45,Petrol,49.58,1
5.1,6,9.3,96,227,6260,90,1,Petrol,9.8,1
0.48,1,11.3,38,19,9052,20,36,Petrol,53.92,1
3.4,4,12,87,271,5087,84,37,Petrol,14.66,1
1.38,2,9.2,22,10,5399,45,11,Petrol,50.82,1
0.27,2,12.5,24,55,9019,46,42,Petrol,60.44,1
1.24,2,9.3,59,37,10190,13,11,Petrol,49.56,1
3.5,3,11.7,115,146,3445,40,3,Diesel,8.81,0
1.6,4,10,331,343,4521,56,3,Diesel,16.37,0
2.5,6,8.2,365,206,4577,76,8,Diesel,12.57,0
2.2,6,10.5,289,388,6439,85,19,Petrol,16.19,1
0.69,1,11,31,14,5591,17,15,Petrol,50.62,1
0.87,1,9.8,21,23,7833,31,17,Petrol,49.59,1
4.7,8,12,146,320,5976,45,17,Petrol,11.42,1
3,4,10.4,145,344,6217,76,21,Diesel,15.23,0
0.65,1,12,25,29,8039,27,6,Petrol,54.59,1
0.76,1,9.5,23,31,9203,21,49,Petrol,50.81,1
1,3,10.2,229,304,4004,59,22,Diesel,19.29,0
0.23,1,10.6,56,10,10672,35,25,Petrol,64.63,1
5.1,3,8.5,197,309,2443,98,15,Diesel,13.8,0
1.32,1,11.6,26,21,6884,36,45,Petrol,45.88,1
1.27,2,9.3,29,24,5311,8,43,Petrol,47.11,1
3.8,8,12.6,248,146,6889,94,47,Petrol,14.13,1
1.11,1,11.8,50,28,9588,22,38,Petrol,50.49,1
0.1,2,10.3,54,59,10037,9,39,Petrol,60.2,1
1.1,3,12.9,84,330,5688,56,-4,Diesel,17.67,0
1.26,2,12.3,32,28,9035,28,9,Petrol,43.31,1
4.3,3,10.2,216,473,3711,54,21,Diesel,15.45,0
0.55,2,9.3,44,39,9137,33,-5,Petrol,53.78,1
0.27,2,12,33,59,7872,41,29,Petrol,60.63,1
0.35,1,12.2,36,28,10278,13,27,Petrol,59.06,1
1,2,11.7,57,20,10251,21,-3,Petrol,48.46,1
0.97,1,10.5,47,30,10229,34,-1,Petrol,50.27,1
0.35,2,9.1,17,17,6910,38,48,Petrol,57.4,1
1.04,1,9,58,36,5831,6,34,Petrol,51.9,1
1.41,1,12.4,28,52,5580,37,9,Petrol,43.18,1
1.39,1,9.5,12,55,5345,35,-3,Petrol,46.53,1
3.2,4,8.6,108,319,2306,23,46,Diesel,13.25,0
1.37,1,10.4,33,45,8361,49,37,Petrol,50.38,1
5.1,6,12.6,215,351,6278,72,39,Petrol,8.7,1
4.2,3,11.4,338,119,4625,66,44,Diesel,10.76,0
5.7,3,12,379,105,4061,23,11,Petrol,8.74,1
4.1,8,10.9,294,357,5407,44,49,Diesel,9.63,0
1.02,2,10.7,23,23,9997,18,6,Petrol,54.28,1
2,4,9.1,357,223,2875,92,16,Diesel,15.03,0
5.1,4,9.9,143,372,5568,68,25,Petrol,10.17,1
0.57,1,11.5,31,56,5947,27,30,Petrol,54.43,1
1.05,1,11.2,55,26,10036,23,19,Petrol,49.28,1
0.23,1,9.6,27,15,7975,25,29,Petrol,63.37,1
0.9,4,13,364,411,2362,32,45,Diesel,16.46,0
0.38,2,9.4,45,50,6507,48,-7,Petrol,62.05,1
4.1,4,12.1,115,258,5927,26,15,Petrol,12.74,1
1.31,2,10.3,29,23,10051,31,45,Petrol,46.18,1
1.3,1,10.4,27,48,6806,42,37,Petrol,42.68,1
0.42,2,12.2,44,38,9070,22,1,Petrol,54.48,1
0.68,1,10.8,58,24,10504,6,-3,Petrol,56.97,1
1.5,4,10.6,267,193,3550,69,-4,Diesel,11.37,0
0.7,2,11.2,49,11,9722,43,-1,Petrol,48.34,1
4.1,3,10.5,376,146,5903,32,7,Petrol,8.99,1
0.9,3,10.6,311,107,4035,67,10,Petrol,18.55,1
1.17,1,9.7,59,52,6395,46,37,Petrol,49.35,1
1.6,8,9,208,435,6348,71,12,Diesel,17.69,0
1.36,1,12.1,32,38,9901,41,9,Petrol,48.99,1
0.86,1,9.3,32,51,6154,41,45,Petrol,50.01,1
1.04,2,11.1,10,53,7227,25,26,Petrol,56.35,1
3.9,4,11.2,296,489,4491,64,33,Petrol,10.81,1
5.1,8,9.4,175,399,2106,55,8,Petrol,12.08,1
0.47,2,12.4,29,19,9004,31,2,Petrol,56.86,1
4.9,4,12.6,78,485,4806,75,19,Petrol,9.77,1
0.8,2,12.1,52,26,10644,11,5,Petrol,53.31,1
5.1,6,8.2,260,200,2104,31,19,Diesel,10.13,0
2.8,6,10.2,202,460,6762,47,15,Diesel,13.25,0
3.9,8,12,309,157,4742,45,9,Diesel,12.41,0
1.03,2,12.5,17,14,7821,27,41,Petrol,46.66,1
0.83,1,9,22,21,7037,6,42,Petrol,52.72,1
1.47,1,12.1,37,37,5405,42,-4,Petrol,47.68,1
0.49,2,10.3,11,23,10416,22,40,Petrol,56.96,1
2,3,12.5,151,108,3520,67,38,Petrol,17.21,1
0.7,1,10.9,42,32,7892,18,3,Petrol,52.55,1
0.69,1,11.8,48,35,5192,36,46,Petrol,56.35,1
4.5,3,10.9,355,485,6946,44,39,Diesel,10.95,0
6,8,11.9,227,385,2296,76,47,Petrol,7.34,1
0.8,8,10.5,137,292,5027,97,29,Diesel,19.3,0
3.2,6,9.6,394,201,2885,45,29,Diesel,14.13,0
5.4,6,12.4,300,390,6583,52,22,Diesel,7.63,0
0.56,1,10.6,37,23,5611,42,5,Petrol,49.53,1
1.37,1,10.8,24,53,8970,47,36,Petrol,50.14,1
4.1,3,8.3,223,214,6491,21,6,Petrol,12.62,1
0.71,1,10.2,24,44,7415,25,10,Petrol,55.65,1
0.53,1,11,14,48,10521,25,-3,Petrol,51.7,1
0.69,1,11.2,42,47,7091,38,0,Petrol,48.1,1
0.31,1,9.9,31,52,7513,44,36,Petrol,57.46,1
1.43,2,9.3,13,33,8811,40,34,Petrol,48.94,1
4.4,4,8.4,276,190,6002,57,24,Petrol,7.9,1
4.9,6,12.2,256,142,4918,23,-6,Diesel,12.13,0
2.3,6,12.4,222,366,3185,33,45,Diesel,15.41,0
3.2,8,9.7,191,329,3082,25,23,Petrol,9.9,1
1.6,4,9.3,189,124,3547,70,34,Petrol,16.1,1
2.3,6,9.3,379,201,5052,28,2,Diesel,16.94,0
0.75,2,9.1,17,48,7215,7,44,Petrol,58.53,1
1.28,1,11.4,35,26,8445,32,8,Petrol,44.07,1
0.78,2,10.2,28,42,5434,11,18,Petrol,49.85,1
0.95,2,9.4,17,51,9649,17,15,Petrol,50.02,1
1.5,3,8.1,281,243,4404,22,16,Diesel,17.22,0
3.9,4,9.5,128,212,6931,73,46,Petrol,9.67,1
0.84,1,9.2,18,33,8816,20,45,Petrol,53.88,1
0.33,1,11.4,24,48,10344,5,-6,Petrol,54.87,1
0.97,1,10.9,37,54,5793,32,29,Petrol,50.95,1
0.72,1,11.5,39,30,8109,25,49,Petrol,53.38,1
1.16,1,12.3,38,57,8813,25,6,Petrol,52.08,1
1.26,2,9.2,58,29,7432,7,10,Petrol,48.46,1
1.31,2,10,54,55,10491,23,12,Petrol,51.45,1
3.5,3,8.5,359,388,3246,69,9,Petrol,14.01,1
0.11,1,9.7,40,47,5981,49,30,Petrol,61.26,1
3.1,4,12.6,341,131,3473,33,48,Diesel,14.72,0
0.52,2,10.2,30,55,9650,32,35,Petrol,53.47,1
1.8,3,9.9,77,485,5123,64,26,Petrol,17.88,1
2.5,8,8.4,107,454,4427,25,-7,Diesel,12.47,0
2.1,6,12.3,283,319,6381,21,47,Diesel,19.31,0
3.3,6,9,262,432,6657,98,21,Diesel,14.58,0
1.32,1,11.6,57,38,10038,23,16,Petrol,43.33,1
1.4,2,11.1,37,33,10147,40,41,Petrol,45.45,1
2.7,4,9.5,333,307,3286,36,11,Petrol,14.19,1
3.5,8,9,279,411,3197,66,4,Petrol,11.82,1
0.61,1,12.4,50,36,10406,45,25,Petrol,50.14,1
2.2,6,10.9,290,100,5783,76,5,Petrol,11.92,1
4.4,8,10.4,247,414,3018,53,28,Diesel,11.7,0
5.1,3,12.2,332,351,3380,71,49,Petrol,12.5,1
0.72,2,11,35,19,7064,18,-9,Petrol,45.71,1
1.1,1,10.5,16,57,6225,13,11,Petrol,47.08,1
1.7,6,8.1,332,191,2850,82,9,Diesel,15.37,0
0.89,1,12.3,15,34,10096,17,28,Petrol,50.38,1
2,8,12.2,285,355,3851,21,-9,Petrol,14.3,1
0.41,2,11.8,21,41,7779,32,35,Petrol,52.47,1
3.1,6,8.8,268,417,5942,53,24,Diesel,12.86,0
4.2,3,8.6,299,469,2177,45,45,Diesel,13.16,0
2,6,10.5,143,109,4263,53,17,Diesel,13.76,0
1.12,2,10.8,42,13,7630,13,5,Petrol,50.11,1
4,4,9.8,338,483,5722,71,40,Diesel,13.2,0
3.4,4,10,333,411,4780,89,33,Diesel,12.44,0
3.5,4,9.3,111,301,5017,48,5,Diesel,13.77,0
1.6,8,11.2,307,118,6660,36,35,Diesel,16.57,0
1.09,2,9.8,28,16,6104,5,26,Petrol,47.43,1
2.6,4,10.4,128,323,3784,24,26,Petrol,16.57,1
5,3,8.8,369,145,4142,53,18,Petrol,7.58,1
5.6,6,11.5,367,273,3096,78,10,Diesel,8.86,0
3.1,3,9.9,237,302,5712,84,47,Petrol,16.06,1
2.9,4,9.7,371,360,5696,41,15,Diesel,15.64,0
1.43,2,11.1,43,40,10643,48,5,Petrol,38.22,1
4.8,3,11,202,494,4553,44,24,Diesel,8.68,0
5.7,3,11.2,292,336,4164,91,9,Petrol,6.89,1
4.3,4,8.7,376,119,6217,28,5,Diesel,11.6,0
0.58,2,9.6,47,28,10901,25,4,Petrol,60.68,1
2.7,6,9.3,85,497,3774,26,3,Petrol,17.36,1
1,3,10,191,340,3650,88,19,Diesel,16.97,0
0.24,1,9.5,16,59,9481,18,20,Petrol,50.54,1
4.1,6,12,261,302,4820,55,4,Diesel,11.84,0
0.88,1,10.4,26,21,10080,21,-1,Petrol,44.43,1
0.19,1,11.2,26,16,10963,38,-1,Petrol,59.39,1
1.14,2,9.9,54,53,6506,10,3,Petrol,48.06,1
0.21,2,10.4,25,29,5171,23,45,Petrol,59.77,1
0.5,2,11.9,54,39,7717,28,37,Petrol,49.32,1
3.4,3,8.7,140,412,5986,98,30,Petrol,13.8,1
0.85,2,11.8,13,47,10891,9,30,Petrol,43.97,1
1.28,2,9.8,20,22,6677,12,14,Petrol,44.89,1
5.4,8,12.3,305,437,6294,69,33,Diesel,11.1,0
3.9,8,9.6,305,432,2659,68,39,Diesel,10.22,0
1.27,1,10.5,47,44,9466,40,9,Petrol,43.61,1
4.8,3,10.2,76,357,4900,25,17,Petrol,9.31,1
5.3,8,10.4,114,397,4413,28,0,Petrol,10.83,1
5.9,4,9.8,293,252,2091,44,0,Petrol,7.68,1
1.42,1,12.2,14,19,7601,38,25,Petrol,42.59,1
1.14,1,12.1,20,39,9793,42,44,Petrol,53.51,1
1.11,1,9.5,26,31,9562,21,13,Petrol,52.36,1
0.45,2,11.7,30,21,8644,34,20,Petrol,52.4,1
0.4,2,9.1,36,34,8140,10,-6,Petrol,56.61,1
1.7,4,11,332,323,5854,56,8,Diesel,15.68,0
5.4,4,10.9,382,191,3360,38,20,Petrol,6.95,1
5.3,6,11.4,215,252,6714,39,47,Petrol,9.68,1
4.3,8,12.8,335,248,2540,29,2,Petrol,11.54,1
0.16,2,12.2,12,30,10249,8,-10,Petrol,58.87,1
3.2,4,8.5,204,246,3598,84,28,Petrol,13.51,1
1.2,3,8.5,355,271,3771,57,48,Diesel,17.08,0
1.34,2,9.9,50,43,5806,45,46,Petrol,46.26,1
0.67,1,9.6,27,54,6500,36,22,Petrol,51.94,1
1.31,2,9.5,19,45,10600,27,29,Petrol,48.47,1
4.7,3,8.4,299,224,3813,34,26,Petrol,9,1
4.2,3,9.1,122,248,2502,85,16,Petrol,7.5,1
5.8,4,12.8,295,369,4451,53,25,Petrol,9.9,1
3.6,6,11.7,276,273,5767,28,34,Petrol,11.3,1
5.5,6,10.8,92,203,2240,26,30,Diesel,12.04,0
4.6,6,10.4,212,370,6055,27,-6,Petrol,12.04,1
1.17,1,10.3,15,44,7716,7,0,Petrol,47.17,1
3.6,6,9.5,358,239,3976,63,2,Diesel,12.05,0
1.41,2,12.3,45,30,10835,25,49,Petrol,49.6,1
1,3,12.4,314,489,3472,95,47,Diesel,12.78,0
5.3,6,11.7,259,105,2005,82,9,Diesel,9.89,0
0.73,2,9.9,35,41,9105,27,47,Petrol,49.62,1
1.6,3,8.1,356,490,2616,40,5,Diesel,17.5,0
4,6,9.8,183,374,6063,98,-6,Petrol,14.51,1
2.1,4,9.6,241,451,3225,59,27,Diesel,18.18,0
3.6,8,8.3,282,150,3486,77,4,Petrol,10.29,1
0.57,2,11,51,40,9362,20,-2,Petrol,55.89,1
1,4,11.6,315,445,5079,43,-3,Petrol,18.43,1
1.39,2,11.4,53,57,5131,41,-3,Petrol,41.36,1
0.28,2,9.9,45,20,6284,28,36,Petrol,64.3,1
1.25,1,11.7,27,55,10700,35,-5,Petrol,48.23,1
4.8,3,9.1,85,409,4996,31,9,Petrol,9.37,1
0.18,1,9.2,59,49,5381,35,-8,Petrol,60.7,1
0.19,1,10.4,35,32,7203,12,44,Petrol,63.24,1
1.42,1,9.9,56,41,6801,31,38,Petrol,43.86,1
1.02,2,11.9,54,12,9402,41,20,Petrol,56.52,1
4.3,3,8.1,131,232,2511,96,27,Petrol,7.59,1
0.76,2,10.2,55,15,6701,15,36,Petrol,52.54,1
0.8,3,12.5,70,316,4975,27,-6,Petrol,18.97,1
1,6,12.1,344,414,4894,55,44,Diesel,16.72,0
0.99,1,12.1,48,56,8084,20,33,Petrol,46.92,1
1.03,1,9.9,36,54,5764,39,4,Petrol,52.09,1
1.2,4,8.7,371,375,3317,80,29,Diesel,16.07,0
2,6,8.3,119,306,4612,85,29,Petrol,17.04,1
2.1,6,9.5,206,468,3088,21,-7,Diesel,14.99,0
1.4,3,8.2,312,291,3165,39,14,Diesel,16.47,0
0.25,1,10.8,25,49,6129,31,29,Petrol,58.03,1
5.2,6,11.7,377,498,3076,85,38,Petrol,6.67,1
0.17,2,12.3,43,12,8600,18,3,Petrol,59.59,1
0.9,4,12.2,181,487,2316,36,17,Diesel,14.57,0
0.35,1,12,36,25,10625,14,29,Petrol,58.41,1
0.81,1,11.5,20,29,6714,5,16,Petrol,52.67,1
0.65,2,9,24,36,9551,27,4,Petrol,52.81,1
4.9,3,12.8,383,346,2233,23,36,Petrol,11.41,1
1.41,1,9.3,23,57,10568,30,-3,Petrol,43.68,1
5.7,4,9.2,367,392,4779,31,9,Petrol,11.87,1
0.75,2,9.8,53,11,8841,21,-1,Petrol,51.5,1
3.9,6,11.4,122,100,3496,50,20,Diesel,11.94,0
1.7,6,11.3,322,249,3046,34,15,Diesel,16.55,0
1.06,1,10.1,54,49,5294,12,7,Petrol,50.54,1
3.3,4,12.4,366,109,4883,43,3,Diesel,15.45,0
1.3,8,10.1,349,362,4376,31,10,Petrol,19.18,1
0.46,2,10.6,15,11,5630,44,22,Petrol,53.03,1
0.93,2,11.4,38,46,10821,24,30,Petrol,50.61,1
1.24,2,10.8,24,43,8475,41,16,Petrol,48.79,1
0.26,2,10,48,12,7256,28,13,Petrol,55.38,1
1.16,1,10.4,59,38,9937,36,12,Petrol,53.43,1
0.9,6,10,301,497,5651,83,9,Petrol,17.85,1
3.7,4,8.7,236,383,5775,51,-2,Diesel,9.49,0
0.49,1,12.3,32,22,10942,14,5,Petrol,54.17,1
1.26,2,9.5,50,24,8788,46,41,Petrol,50.68,1
2.9,3,12.9,225,201,2464,34,25,Diesel,16.37,0
3.8,3,8.8,295,407,5546,29,19,Petrol,8.22,1
4.8,4,10.4,378,256,2150,76,39,Diesel,9.64,0
2.6,4,12.8,376,260,3425,97,11,Diesel,15.43,0
6,8,9.5,212,135,2302,73,11,Diesel,7.09,0
0.57,1,9.1,11,11,8830,33,41,Petrol,51.4,1
0.34,1,10.3,16,45,5284,41,38,Petrol,61.4,1
0.81,1,11.8,59,10,5721,44,32,Petrol,49.68,1
1.27,1,10.9,58,26,7731,14,9,Petrol,48.12,1
2.6,4,9.1,329,207,6849,58,9,Petrol,14.06,1
1.14,1,10.2,34,45,10065,16,-10,Petrol,51.23,1
0.16,2,9.4,35,58,8174,43,-2,Petrol,53.78,1
1.24,2,11.4,18,24,9132,24,-3,Petrol,44.22,1
0.57,1,9.4,40,15,5298,33,31,Petrol,50.54,1
0.11,1,10.7,24,56,7132,35,-4,Petrol,56.42,1
0.15,1,12.2,38,59,6469,18,24,Petrol,62.65,1
0.25,1,9.9,16,48,7398,9,24,Petrol,52.59,1
0.57,1,12,36,33,10543,33,42,Petrol,54.49,1
5.5,4,9.7,138,215,6799,23,0,Petrol,6.8,1
1.9,3,11.3,85,210,2106,53,16,Diesel,16.29,0
2.8,6,11.9,266,342,6693,50,-8,Petrol,14.86,1
1.22,2,10.3,31,33,8391,34,39,Petrol,48.55,1
1.08,2,10,42,34,9759,35,47,Petrol,48.93,1
0.58,1,10.5,27,17,7025,20,44,Petrol,59.03,1
1.6,8,11.5,259,480,3528,57,17,Petrol,11.83,1
1.48,1,11.9,52,55,7121,43,28,Petrol,43.83,1
3.5,3,11.4,183,478,3336,93,8,Petrol,11.52,1
1.7,3,12.4,119,384,6318,29,16,Diesel,16.88,0
0.62,2,10,53,40,9923,45,35,Petrol,51.95,1
0.9,1,11.9,12,23,9826,5,46,Petrol,54.61,1
5.5,8,8.2,83,345,6086,78,6,Diesel,5.27,0
1.2,4,12.4,78,449,4131,40,18,Diesel,19.76,0
5,3,8.6,241,124,6488,81,33,Diesel,8.48,0
2.3,6,12.3,89,236,2982,48,20,Diesel,16.49,0
1.4,8,8.9,352,449,3876,63,24,Diesel,15.24,0
0.58,1,9.5,43,22,5507,8,7,Petrol,54.17,1
1.2,4,9.3,359,455,4829,53,37,Diesel,14.7,0
1.01,1,9.5,38,46,6987,16,15,Petrol,47.72,1
4.7,4,11.8,153,279,3716,46,20,Petrol,7.32,1
0.28,2,10.7,30,30,10905,25,8,Petrol,58.49,1
1.09,1,11.2,38,34,5951,17,16,Petrol,50.56,1
2.4,6,13,237,436,6628,34,39,Diesel,18.05,0
1.1,4,12.4,374,295,6908,51,-7,Petrol,18.78,1
1.41,1,12,56,15,10185,13,-7,Petrol,50.41,1
1.07,1,9.4,54,52,6074,12,28,Petrol,55.22,1
4.5,3,12.5,394,435,2493,53,37,Petrol,9.72,1
0.13,1,12,14,57,8956,30,11,Petrol,55.16,1
3.7,4,11.6,161,207,2952,43,33,Petrol,14.66,1
1.32,2,11,39,53,10996,21,25,Petrol,50.03,1
0.42,1,10.7,35,13,7192,21,17,Petrol,55.54,1
0.61,1,10.3,33,38,9355,42,18,Petrol,52.55,1
2.1,4,10.6,318,312,5742,67,25,Diesel,14.99,0
1.3,4,10.2,105,211,5158,74,10,Petrol,16.77,1
0.44,2,9.9,31,48,9822,34,7,Petrol,56.38,1
0.75,2,12.5,19,48,8933,30,-4,Petrol,56.69,1
1.3,6,8.9,333,173,3637,98,4,Diesel,18.29,0
0.84,2,10.3,29,24,6890,10,19,Petrol,53.16,1
1.44,1,12.2,27,22,5535,44,3,Petrol,38.99,1
2.7,3,12,158,288,2256,85,21,Diesel,14.69,0
4.1,6,12.9,136,456,6071,63,14,Diesel,11.46,0
0.44,1,9.5,42,24,6151,21,23,Petrol,55.51,1
1.9,8,8.8,204,145,6602,28,12,Diesel,18.53,0
1.44,2,12.4,10,51,6825,31,10,Petrol,43.36,1
0.19,1,11.8,30,22,5130,8,-7,Petrol,52.1,1
0.88,1,11.9,20,33,7788,17,33,Petrol,52.72,1
6,3,11.7,227,401,5036,40,0,Petrol,7.78,1
1.9,4,12.6,127,373,5179,78,16,Petrol,16.38,1
2.1,4,11.7,156,280,5459,32,31,Diesel,14.61,0
3.1,3,9.6,244,491,4358,37,24,Diesel,15.31,0
1.06,2,10.5,36,57,10444,40,15,Petrol,51.15,1
3,4,8.5,351,431,4335,71,9,Petrol,12.99,1
0.48,2,10.9,31,27,6327,33,32,Petrol,58.19,1
1.1,8,11.5,72,167,5317,24,-1,Petrol,17.83,1
1.38,2,12.4,46,36,10718,37,-7,Petrol,48.06,1
5.5,8,12,177,339,2176,72,-1,Petrol,10.59,1
1.32,2,10.3,20,26,9971,6,-5,Petrol,43.42,1
0.14,1,11.4,30,18,6276,12,20,Petrol,55.68,1
2.8,4,10.9,328,106,6283,23,28,Petrol,14.56,1
0.24,2,9.5,43,22,5629,11,29,Petrol,55.32,1
0.86,2,12.1,12,14,10824,19,15,Petrol,51.66,1
0.84,2,12.2,56,51,6505,9,20,Petrol,53.86,1
1.29,2,9.7,52,18,8839,27,32,Petrol,46.1,1
1.37,2,12.2,47,49,10566,22,5,Petrol,44.25,1
1.15,1,11,20,31,9721,35,22,Petrol,48.22,1
0.57,1,11.6,24,46,9527,31,33,Petrol,56.36,1
0.39,1,9.7,41,48,10983,47,32,Petrol,58.44,1
0.9,6,11.1,112,436,2770,93,42,Petrol,18.78,1
0.83,2,12.1,18,55,5941,15,49,Petrol,49.28,1
3.1,3,8.6,235,377,3561,88,24,Petrol,17.5,1
5.6,6,10.1,337,102,2209,26,22,Diesel,10.78,0
1.46,1,9.2,31,48,6458,13,24,Petrol,46.02,1
4.2,6,10.2,109,281,3513,26,6,Diesel,12.38,0
0.17,1,9.7,11,44,7556,32,8,Petrol,57.99,1
0.45,2,11.6,47,15,10938,46,44,Petrol,53.27,1
1.14,2,12,14,34,7442,14,6,Petrol,51.03,1
0.67,2,9.9,10,23,6159,6,40,Petrol,57,1
1.06,1,10,10,30,7857,5,21,Petrol,50.39,1
0.47,1,11.9,59,54,10449,12,16,Petrol,53.58,1
3,6,12.2,313,473,6682,25,10,Diesel,14.72,0
2.5,3,12.6,387,462,3716,43,45,Petrol,15.14,1
4.9,6,11.2,254,109,4311,57,32,Petrol,11.13,1
1.3,3,10.9,209,181,5641,40,10,Diesel,19.85,0
0.76,1,11.3,58,17,8600,13,21,Petrol,50.28,1
1.39,1,9.3,36,17,10838,6,-4,Petrol,51.35,1
1.2,1,11.9,19,59,9896,11,-8,Petrol,50.23,1
4,8,9.9,315,232,2037,75,45,Diesel,10.75,0
5.9,4,11.3,146,317,4614,74,-10,Diesel,7.58,0
1.35,1,10.9,46,58,6090,23,-10,Petrol,44.85,1
4.5,3,11.1,249,250,6228,90,46,Petrol,7.62,1
0.73,1,11.8,40,46,6663,49,15,Petrol,55.09,1
5.8,3,10.5,306,192,3691,28,-9,Petrol,8.85,1
4.5,4,9.3,72,406,4802,75,-2,Diesel,11.64,0
3.4,6,8.6,191,274,4560,76,27,Diesel,13.06,0
4.9,4,10.4,385,395,4768,81,30,Diesel,7.39,0
0.96,2,12.4,45,34,5138,8,3,Petrol,52.11,1
4.8,4,8.2,332,115,3549,99,14,Diesel,15,0
1.5,4,12.4,381,105,6224,58,-10,Diesel,14.67,0
2.7,4,8,358,377,3717,23,12,Petrol,15.82,1
2.4,4,13,278,173,5298,71,18,Diesel,14.39,0
0.61,2,11.1,17,31,6621,30,15,Petrol,53.56,1
1.27,2,12.4,52,15,10879,18,22,Petrol,48.62,1
5.7,3,11.2,212,135,3523,58,33,Petrol,10.95,1
1.17,1,11.7,39,55,5098,47,-1,Petrol,48.79,1
3.2,8,9.3,287,114,2272,37,40,Petrol,13.54,1
0.23,2,10.3,33,36,9911,34,4,Petrol,56.88,1
1.48,1,12.1,50,41,6859,9,42,Petrol,39.72,1
0.9,8,12.1,76,401,3565,35,4,Petrol,18.15,1
0.74,1,12.2,27,34,5775,35,10,Petrol,52.22,1
1.5,4,10.9,293,171,5139,83,19,Diesel,20.42,0
4.2,8,8.2,166,151,6270,73,33,Petrol,12.93,1
1.7,6,11.4,70,162,3783,58,8,Petrol,17.45,1
0.55,2,10.2,42,59,7551,37,21,Petrol,51.7,1
1.4,8,8,81,341,5446,30,22,Petrol,17.72,1
5.8,3,10.5,71,387,4951,94,30,Diesel,5.38,0
0.45,2,10.1,18,17,6038,38,13,Petrol,54.52,1
1.17,2,12.3,14,44,8412,8,38,Petrol,52.16,1
1.7,3,12.7,259,471,2418,89,22,Diesel,15.87,0
0.46,2,10.9,58,37,10248,5,17,Petrol,56.06,1
1.33,2,11.4,10,35,7610,47,38,Petrol,49.21,1
1.26,1,10.3,56,49,7500,18,23,Petrol,48.51,1
3.6,4,10.7,188,164,2753,55,4,Diesel,12.26,0
5.9,8,8.7,376,398,4081,68,7,Diesel,8.91,0
0.61,2,12.4,54,14,8032,28,18,Petrol,55.36,1
0.72,1,10.9,32,20,7135,11,39,Petrol,47.95,1
0.19,2,10.5,34,56,9067,19,33,Petrol,55.06,1
2.1,8,12.2,348,368,4256,50,5,Diesel,14.73,0
1.6,8,10.9,337,328,4487,69,9,Diesel,17.39,0
0.9,6,12.1,165,414,2019,55,22,Petrol,18.99,1
3.2,3,10.1,200,192,3626,24,48,Diesel,11.56,0
1.9,8,8.7,281,186,6760,78,18,Petrol,14.57,1
5.3,6,11.4,315,231,5008,60,48,Petrol,6.57,1
1.3,6,12.2,91,179,2129,55,9,Diesel,15.84,0
1.13,2,9.7,11,44,8097,9,-9,Petrol,46.99,1
0.57,1,9.5,29,59,8480,24,14,Petrol,56.08,1
0.86,1,11.7,53,52,8558,16,37,Petrol,55.1,1
5.7,6,9.1,235,400,4941,70,31,Diesel,10.61,0
2.5,3,12.9,318,478,6798,30,3,Diesel,15.65,0
1.35,1,10.2,23,28,5762,9,25,Petrol,49.23,1
0.12,1,11.1,40,39,7964,34,44,Petrol,59.78,1
2.5,8,10.8,227,432,5811,64,42,Diesel,14.76,0
0.85,2,12,29,29,9026,9,43,Petrol,50.17,1
3.9,8,11.4,292,119,3863,79,-2,Diesel,11.66,0
0.84,1,9.4,29,24,7073,46,0,Petrol,55.77,1
2.3,4,11.8,107,186,2832,22,-8,Diesel,16.19,0
0.64,1,11.7,14,58,6445,18,3,Petrol,48.44,1
1,3,10.7,344,253,3588,70,26,Petrol,20.09,1
0.22,1,10.3,41,12,6119,9,-3,Petrol,58.87,1
4.3,4,9.2,248,269,6254,82,15,Petrol,15.3,1
0.98,2,10.7,16,57,9069,20,44,Petrol,51.88,1
3.2,4,10.9,73,455,4089,28,29,Diesel,15.85,0
3.6,3,11,345,241,6885,71,16,Petrol,11.02,1
1.37,2,11.3,10,30,5998,28,-2,Petrol,43.42,1
4.5,4,11.2,334,247,4274,55,31,Petrol,15.94,1
1.2,4,9.4,165,496,2083,62,33,Diesel,16.56,0
0.33,1,9.6,34,38,8287,43,10,Petrol,54.96,1
4.3,6,11.8,386,113,4672,96,10,Petrol,14.37,1
0.33,1,9.7,49,35,10279,48,46,Petrol,51.74,1
2.9,6,11.6,236,491,6831,48,11,Diesel,14.27,0
0.59,2,11.9,58,38,6897,21,20,Petrol,52.31,1
2.6,6,11.8,267,347,4157,91,10,Petrol,15.02,1
0.33,1,9.8,44,57,5398,11,4,Petrol,57.02,1
1.39,2,11.2,31,36,7157,19,49,Petrol,41.69,1
4.5,6,9.1,299,351,2248,28,23,Diesel,10.33,0
1.5,3,10,289,470,4834,35,0,Diesel,15.98,0
4.7,4,8.2,323,117,2049,22,29,Petrol,10.86,1
0.67,1,10.1,16,19,5414,33,31,Petrol,51.69,1
1.38,1,11.7,38,58,10611,19,15,Petrol,47.31,1
1.7,6,8.1,100,486,3652,86,15,Diesel,18.81,0
1.26,2,11,11,33,8786,28,24,Petrol,52.95,1
1.45,1,12.3,11,24,5930,9,32,Petrol,47.29,1
0.8,6,8.1,358,157,4925,61,19,Petrol,18.83,1
0.35,1,10.3,40,34,5622,37,41,Petrol,55.44,1
5,6,11.6,297,244,6749,48,-3,Diesel,5.48,0
4.6,3,9.5,138,408,3247,71,13,Diesel,11.26,0
1.46,1,9.9,16,26,8198,38,32,Petrol,47.71,1
1.7,6,9.9,315,333,6932,49,12,Petrol,19.61,1
0.39,2,9.5,56,30,8859,27,-7,Petrol,55.95,1
4.4,8,11.5,384,182,6913,53,-5,Diesel,10.78,0
5.9,4,8.8,187,362,5020,70,43,Petrol,8.05,1
4.3,8,10.2,166,116,6780,97,26,Petrol,14.03,1
1.17,1,9.6,33,38,9197,31,27,Petrol,50.19,1
1.3,4,10,258,392,4339,24,35,Petrol,20.23,1
1.45,2,10.5,19,41,6046,21,35,Petrol,47.44,1
1.8,6,11.8,375,151,2958,77,12,Petrol,16.73,1
5.7,6,8.4,164,355,4603,71,-8,Petrol,9.95,1
1.44,2,10.6,19,58,10586,13,-7,Petrol,42.52,1
1.6,6,10.2,182,344,2896,26,42,Petrol,22.23,1
3.4,6,12,76,191,6208,22,32,Diesel,10.09,0
2.5,8,9,340,298,4474,37,11,Petrol,14.05,1
5.2,8,10,368,120,4078,46,35,Petrol,10.34,1
1.1,4,10.8,230,445,4523,63,32,Diesel,21.8,0
4.3,4,10.7,73,427,6193,98,17,Diesel,9.29,0
5.8,4,8.4,196,301,5389,38,6,Diesel,8.87,0
1.7,4,12.9,289,222,4624,22,4,Diesel,20.83,0
2.5,4,9.7,84,442,4167,28,33,Diesel,16.09,0
1.21,1,11,17,31,6203,29,37,Petrol,47.02,1
5.8,4,13,79,300,6925,79,20,Petrol,7.25,1
3.4,3,12.4,202,433,6545,81,12,Diesel,13.49,0
4,4,10,285,439,5930,71,13,Diesel,14,0
1.21,2,10.9,37,31,8130,9,43,Petrol,48.41,1
1.1,8,10.7,289,284,5630,95,46,Diesel,15.73,0
1.4,4,12.1,103,223,6300,89,27,Diesel,18.48,0
0.27,2,10.1,58,16,8161,19,45,Petrol,58.83,1
3.6,3,10.3,250,203,6499,65,-9,Petrol,16.11,1
0.43,2,10.5,12,55,10116,43,36,Petrol,59.89,1
1.6,4,11.2,329,230,2797,50,23,Petrol,18.49,1
1.7,4,8.3,320,481,5480,34,27,Diesel,18.12,0
0.27,1,10.1,44,19,5013,31,43,Petrol,56.48,1
1.2,3,8.6,326,133,6073,23,25,Diesel,16.75,0
1.46,2,9.1,29,19,10495,26,37,Petrol,45.03,1
5.1,6,11.1,245,491,2968,34,21,Petrol,12.47,1
1.7,3,12.8,190,374,6838,67,11,Petrol,18.13,1
0.68,1,12.4,40,19,8729,47,28,Petrol,54.82,1
0.1,1,9.1,43,32,9681,5,27,Petrol,64.81,1
0.52,1,10.1,16,26,7402,41,41,Petrol,53.79,1
0.87,2,10.9,18,39,5391,44,-6,Petrol,56.48,1
5.5,3,8.9,158,269,4175,65,42,Petrol,8.69,1
6,8,10.9,95,182,6075,79,28,Diesel,9.43,0
0.44,2,11,57,35,5190,17,25,Petrol,57.83,1
1.3,3,9.9,205,475,3264,77,49,Petrol,15.95,1
0.24,2,10,56,43,6025,46,-8,Petrol,55.28,1
3.3,4,11.5,245,224,4810,33,-8,Petrol,12.33,1
1.3,6,11.8,289,433,6429,39,2,Petrol,17.97,1
1.5,4,11.8,237,467,2535,48,-8,Diesel,17.66,0
2.6,8,10.1,153,306,2543,80,31,Petrol,13.47,1
0.77,2,11.6,45,18,10769,44,12,Petrol,51.55,1
1.9,4,11.3,135,434,2558,71,7,Diesel,15.62,0
1.39,2,12,35,17,8037,38,-9,Petrol,49.1,1
0.47,2,11.5,13,15,8030,49,8,Petrol,52.98,1
0.26,1,11.5,32,57,9848,28,4,Petrol,56.73,1
1.24,2,10.1,26,40,10413,14,43,Petrol,47.96,1
3.9,4,10.7,383,340,3268,83,34,Diesel,9.94,0
3.6,4,12.5,161,205,3036,37,19,Diesel,14.78,0
1.12,1,11.8,38,14,10282,23,44,Petrol,50.23,1
0.52,2,10.6,47,31,10704,44,15,Petrol,54.18,1
1.1,6,10.1,289,137,4701,66,3,Petrol,18.88,1
1.27,1,10.3,56,53,6088,29,5,Petrol,47.31,1
0.58,2,9.7,58,47,7816,11,15,Petrol,54.73,1
2,6,10.7,227,462,3037,32,9,Diesel,14.09,0
1.8,3,12.6,75,341,6257,71,30,Petrol,17.41,1
4.3,3,12.2,341,255,6180,91,-1,Petrol,11.9,1
3.1,6,9.2,137,283,5266,61,1,Petrol,14.16,1
2.4,6,12.3,378,453,6905,85,19,Petrol,17.31,1
4.3,4,9.7,181,371,2592,26,41,Diesel,13.29,0
0.54,1,12.5,52,56,7129,42,43,Petrol,53.26,1
2.6,8,8.2,334,363,2109,38,40,Petrol,14.29,1
1.04,2,11.5,40,47,10890,39,8,Petrol,50.15,1
5.9,8,10.2,285,131,5528,66,13,Petrol,5.52,1
0.69,2,12,20,19,7979,17,18,Petrol,51.67,1
2.8,4,10.2,217,177,3037,27,37,Petrol,12.29,1
0.13,1,11,10,31,10537,44,-8,Petrol,55.44,1
5.9,6,11.6,149,141,6628,29,46,Petrol,6.83,1
1.01,1,11.4,58,57,10294,8,-7,Petrol,49.47,1
0.9,8,8.7,193,227,3236,23,-10,Petrol,15.59,1
3.4,3,8.5,206,346,2440,64,7,Diesel,16.86,0
2.6,8,10.9,297,397,3314,57,-8,Petrol,16.14,1
2.1,8,11.3,148,400,3222,38,29,Petrol,13.67,1
2.8,4,8.3,334,107,5243,77,29,Diesel,12.76,0
0.71,2,10.9,41,58,9559,40,7,Petrol,51.04,1
5.7,8,12.3,228,370,6216,39,-6,Petrol,12.51,1
6,3,12.4,165,213,2539,69,-9,Petrol,10.55,1
0.8,6,11.1,290,135,6609,37,38,Diesel,20.03,0
3.2,6,10.8,348,293,3372,46,26,Petrol,14.35,1
1.02,1,9.3,53,26,7490,17,41,Petrol,43.62,1
1.33,1,11.5,11,43,9446,27,-4,Petrol,47.87,1
1.1,8,8.9,399,149,4791,58,30,Diesel,17.26,0
0.11,1,12.5,24,37,5387,40,44,Petrol,65.87,1
1.07,2,11.7,47,53,7226,37,49,Petrol,44.97,1
